symbol,name,close,open,value,volume
PBI^B,Dabjam,767.35,243.81,242.08,224614622
CTMX,Skaboo,238.1,341.54,167.12,550102821
WETF,Muxo,430.57,322.36,195.11,523526983
RNR,Wikivu,779.63,478.84,704.37,142543401
FCVT,Yoveo,555.7,886.38,228.48,687313402
DS^D,Jabberbean,407.18,292.3,356.93,704873992
FNV,Eire,23.12,595.89,547.37,735278819
WPG^H,Devshare,110.96,720.82,972.61,101691466
CINF,Twinder,224.36,856.31,875.03,7083085
FMB,Meedoo,898.89,260.15,409.47,435000948
DPLO,Skipstorm,494.44,950.86,626.9,849620632
BPFHP,Tanoodle,116.02,870.76,297.53,113222243
QQQX,Mynte,698.1,227.61,350.9,271841158
CBU,Kayveo,27.8,992.67,682.68,949590867
PCH,Zoonder,919.36,207.63,131.64,59480213
INN^C,Browsebug,961.2,863.05,248.17,668607295
EPD,Tagopia,3.17,410.43,683.03,719032551
ENIC,Rhycero,344.09,548.71,262.5,162480737
TLLP,Quimba,941.16,294.02,536.67,371342464
CNCE,Gigaclub,783.91,579.97,851.76,803400081
TLF,Eire,484.99,754.42,683.28,455733546
FLXN,Rhybox,131.74,694.2,816.64,573014707
AOSL,Kaymbo,64.78,614.9,331.35,587617581
UCFC,Ozu,918.81,19.81,488.95,338636225
DCUC,Dabshots,964.42,275.1,134.76,408959380
IVR^B,Dabfeed,217.48,267.24,813.57,285109414
AKO.A,Voonix,899.37,443.59,187.94,891227796
COTY,Realcube,650.92,581.48,544.36,855550089
TELL,Yata,305.73,59.12,469.19,602611843
CPAA,Oodoo,281.64,856.04,413,675281928
HRC,Muxo,292.68,633.04,111.76,129882442
PAVMW,Tanoodle,173.63,281.53,139.41,790904475
MTRX,Wikibox,122.11,974.52,33.52,272348254
GSBD,Rhyloo,119.13,507.89,858.04,307738713
KFN^,Youfeed,217.87,585.67,797.71,693185739
USB^A,Kare,548.09,201.1,598.85,772814833
CTU,Mybuzz,145.23,164.97,798.86,345268708
TWO,Kaymbo,914.3,536.43,553.85,970251374
KODK.WS.A,Vitz,218.07,227.96,164.36,895585575
CSBR,Skimia,725.6,497.7,205.27,472138208
SLD,Babbleblab,176.52,576.9,379.55,67710796
CTBB,Photobug,777.99,474.24,19.65,209594048
HTGM,Gigashots,153.06,55.16,580.58,664467975
GYB,Jamia,563.86,234.68,467.42,282740610
TREC,Topicshots,229.82,937.77,652.25,29520941
RGR,Mynte,880.76,508.26,794.47,777869886
QINC,Tagchat,675.08,673.61,361,655060384
PLUG,Feedmix,748.22,348.56,697.67,965008264
WHLR,Katz,163.59,833.09,731.54,659200879
FYX,Linklinks,3.92,371.94,69.82,771700824
JTA,Jabbertype,733.12,494.24,102.84,261939159
SILC,Kwimbee,944.9,617.2,861.35,813458562
PRE^G,Yombu,294.37,74.58,847.11,496992944
AC,Mudo,723.38,213.96,217.21,591826795
EEFT,Photospace,446.69,243.78,221.81,518913685
NTEST,Jaxbean,200.74,33.94,265.53,776571562
BCOV,Buzzdog,195.54,565.27,881.82,627523825
PME,Jabbersphere,401.44,697.91,578.87,602878498
SGBK,Edgeblab,944.8,544.87,110.47,135256569
BHBK,Zazio,538.76,346.81,163.1,391585040
EXEL,Blogtags,57.4,587.19,61.86,558883730
IGD,Thoughtbeat,181.04,684.2,342.21,581390852
PHM,Realblab,515.14,282.65,223.83,235378768
ELLI,Meembee,797.12,867.28,400.86,278151034
ACRX,Babbleset,397.06,406.6,35.48,648901643
BLBD,Tavu,765.25,33.16,227.84,331543429
WHLRD,Skiptube,474.05,3.89,846.6,665531448
ELTK,Zoomcast,538.79,242.05,309.46,363542200
TNP^D,Jabbersphere,778.35,847.27,487.76,118022648
MUH,Lazzy,899.31,680.11,69.84,894915139
CTW,Brainverse,786.18,820.64,9.34,917989205
ITI,Flashpoint,612.61,704.25,292.52,803964430
WSTC,Topiczoom,226.96,698.97,67.68,84218562
MPWR,Devshare,37.21,116.19,352.74,223368717
GNTX,Ooba,799.56,535,996.11,737377092
WPT,Zoozzy,835.27,202.55,696.77,700519479
ACGL,Yakidoo,754.84,529.54,940.69,169607918
HABT,Kwinu,261.1,199.17,192.67,329489598
UBFO,Oloo,367.96,766.86,642.1,880512883
FTSL,Browsezoom,520.68,899.77,268.2,386663470
DAR,Divanoodle,815.75,550,518.94,685571946
CIM^B,Gigazoom,334.14,436.76,239.48,299273568
SOHOB,Kare,534.52,775.84,262.25,470464232
MNR,Blogspan,555.4,921.57,608.36,405553329
TWI,Jaxbean,855.36,21.34,624.1,566244241
BLIN          ,Topicblab,938.4,112.18,565.34,667121505
LTC,Realcube,641.93,592.88,51.53,737373745
ZOES,Voolith,47.93,81.4,573.23,662157628
WHLRP,Realcube,541.26,517.02,875.02,985096359
EV,Kimia,916.17,351.61,397.22,159697668
CNSL,Twinte,347.86,885.03,412.59,885790777
SRUN,Topicstorm,924.28,13.87,904.23,967462226
FTW,Thoughtbeat,944.82,173.41,365.48,598107518
NEE^R,Riffpath,263.8,850.29,85.75,247684849
ICLN,Shuffletag,842.12,834.22,256.59,726301918
IDTI,Jamia,257.03,849.71,403.49,644678026
NDRM,Realbridge,947.08,364.25,646.58,635200735
LCII,Eayo,746.44,723.28,88.64,131392645
FMB,Tavu,860.14,170.65,643.25,46349819
FMY,Topdrive,855.33,755.49,962.23,858485040
IO,Oozz,896.75,607.11,882.31,900773125
AKAO,Edgewire,638.63,178.28,67.38,705179425
VHI,Kaymbo,391.11,902.09,407.99,266673676
NEWTL,Kwilith,971.82,950.35,826.35,376118954
SGLB,Mudo,987.86,157.36,305.16,932640846
LYTS,Myworks,172.81,493.8,648.18,944404787
DTUL,Zoombeat,116.31,496.09,230.91,139321743
DRUA,Oyoyo,397.84,154.04,469.65,174563453
FEP,Oba,9.6,483.78,641.08,372693063
ARR^A,Eadel,353.22,386.4,709.65,824687414
ZTO,Demimbu,678.8,744.38,710.58,24675699
GBLI,Bubblemix,258.34,914.82,987.49,508978384
RAIL,Yabox,203.8,311.54,692.2,911699856
DPLO,Yadel,332.86,139.02,989.15,518358951
MTW,Tagopia,781.73,901.67,928.52,148183728
FTGC,Eidel,896.28,982.33,997.61,220992366
HLNE,Eazzy,356.42,494.03,290.49,307229089
TGEN,Demimbu,33.95,229.94,817.44,30402140
FPT,Linkbridge,17.58,601.91,451.25,844847651
SCE^J,Meevee,964.86,482.8,78.4,457705634
QINC,Fliptune,647.2,772.35,36.66,173988247
SUM,Agivu,245.81,687.22,100.7,447586293
NWSA,BlogXS,902.37,835.89,217.71,276273884
RDIB,Babbleset,612.65,659.77,101.93,609768714
LSXMK,Oyope,154.57,485.94,714.07,68717271
CLDX,Twitterworks,169.19,379.18,493.57,565614900
WYIG,Plambee,524.67,24.85,888.09,772638733
MCEF,Devify,476.26,508.61,160.97,813690485
ACRE,Blogpad,328.72,263.78,987.35,290881741
AMG,Oyoba,553.29,138.51,854.19,116746667
AGYS,Buzzster,235.4,220.68,164.03,879456547
MEDP,Twitterworks,326.22,485.64,180.15,387561668
MTGEP,Dabvine,755.28,495.67,529.65,158343922
HOPE,Demimbu,98.6,738.86,868.77,484825148
PDCE,Zoombox,8.19,881.37,402,816130793
COST,Skippad,276.01,508.37,518.24,422197368
DYNT,Avavee,789.01,47.37,716.77,500575059
STAR^E,Oloo,93.19,533.8,125.49,603323624
EVOL,Leenti,885.59,390.72,556.29,720076862
UVV,Plajo,533.04,857.83,266.17,350319505
ATU,Mita,681.1,403.85,582.1,125251439
NMR,Oyondu,224.49,62.87,476.54,678295343
ARII,Eazzy,589.05,771.62,674.87,873347463
CFA,Brainverse,476.7,804.14,837.34,810136168
HL,Eare,32.46,417.93,707.41,162673924
PUB,Browsezoom,118.6,192.42,951.16,312654879
CHH,Edgewire,53.75,665.5,555.62,606135580
AZUL,Skynoodle,3.49,71.48,97.35,854860603
ASPS,Realbridge,91.47,143.51,452.51,555353411
HGH,Topiczoom,516.15,11.04,339.51,469448537
BBD,Topdrive,965.4,86.38,984.29,552610069
TANNL,Divape,118.57,291.44,517.12,480264246
KMPH,Yodel,486,151.4,785.71,243652209
CBMXW,Jazzy,628.57,958.54,257.84,79821215
CNDT,Eamia,459.4,917.59,971.96,923032691
FUN,Flipstorm,661.77,609.94,372.19,784853808
WY,Ooba,535.36,177.8,688.19,173748545
FE,Jabbercube,406.94,495.19,474.24,92402658
JAKK,Gevee,949.89,253.12,392.11,339344099
TELL,Kwilith,322.14,967.49,237.82,329890296
CMRE^C,Ntag,568.95,765.1,704.03,188622274
CIZN,Zoomdog,692,478.66,695.98,782081501
LMOS,Ozu,61.09,765.77,713.39,472150585
CNTF,Kwimbee,882.91,29.04,370.31,930338865
RDY,Thoughtstorm,385.02,800.99,325.64,581652850
FTFT,Browsebug,691.54,621.94,226.24,334251797
ESS,Twitterbeat,181.93,874.23,501.08,378531520
RNVA,Devcast,288.6,838.9,363.57,865860054
CZWI,Avamba,487.86,575.65,457.19,832705002
STNG,Fliptune,959.32,737.93,788.26,756378628
TRIL,Quire,521.01,153.56,780.95,257381485
TTF,Tambee,164.68,726.52,714.38,291083917
CBMX,Voolia,6,124.9,394.06,663391519
GPT^A,Edgepulse,120.27,35.73,144.05,373574022
EARS,Thoughtmix,855.1,559.23,62.34,578794469
CNFR,Janyx,291.36,802.46,120.97,87434603
AUY,Talane,566.75,234.37,940.28,254253727
APF,Youbridge,474.82,340.88,680.81,50800697
TUES,Tagpad,884.78,68.34,495.02,407261899
UAN,Dabshots,77.82,904.34,72.67,365765194
WAAS,Zava,411.99,927.35,711.59,2113320
DO,Leenti,814.73,257.68,684.19,721042938
RARX,Nlounge,791.62,563.28,55.6,71937506
THC,Flipbug,705,244.56,38.3,25929522
PPR,Zoombeat,635.97,601.4,322.6,476811150
SBOT,Tagfeed,147.87,738.63,707.08,70158375
ULTI,Tambee,832.83,170.84,607.08,995989513
MCN,Blogspan,661.66,142.16,787.32,173905521
OFED,Meembee,804.85,282.33,866.44,571408002
NEON,Browsetype,793.42,968.49,756.81,728841775
BME,Mita,709.7,581.26,151.08,332191629
EXLS,Teklist,177.75,281.14,957.72,671990477
HQY,Yakijo,709.66,978.12,385.06,409430957
PEGA,Thoughtmix,722.97,665.44,117.62,408294671
AGNCP,Twitterbridge,190.42,698.22,17.23,820909420
PETS,Oyoba,276.66,524.31,284.85,219942580
DCI,Skinte,305.98,720.93,606.81,698727941
POWI,Jetwire,188.75,203.17,679.24,563262816
CYBE,Twinder,392.85,731.98,252.67,7299183
GLUU,Jayo,634.64,97.58,960.79,138930899
WPRT,Thoughtstorm,320.94,12.09,325.39,689495832
VCRA,Viva,403.78,530.2,589.79,684927685
CMRE^D,Dabvine,860.87,803.4,373.37,538229589
MNTA,Leexo,560.92,272.06,222.46,857567766
CLAC,Feednation,155.34,716.66,890.67,846584801
OAKS,Quamba,182.36,376.4,922.86,340382026
USAC,Topicblab,828.27,273.73,224.3,763227135
CLCT,Feedfire,934.96,640.65,331.78,541023975
FI,Skipstorm,562.76,293.14,834.23,575147812
SLMBP,Pixonyx,333.6,254.33,377.96,208059708
SYPR,Zoozzy,325.65,347.28,288.98,170786932
TIL,Rhyloo,809.68,926.84,930.22,646183030
TDIV,Thoughtsphere,647.83,860.55,913.51,593026575
IEX,Edgepulse,451.14,516.38,474.41,163435557
WTS,Yamia,458.26,349.75,242.49,742931001
RARX,Roodel,591.83,345.55,681.78,566553442
VPG,Zava,55.06,97.97,908.95,155457831
HONE,Skipfire,88.88,49.03,789.48,191957946
KED,Tazz,445.26,828.97,19.15,174019476
SYNC,Quatz,782.56,518.07,873.45,834072734
CLWT,Katz,165.36,261.86,963.2,138680542
INTG,Tagtune,236.52,896.56,998.9,192637773
IBTX,Eayo,845.62,59.94,614.03,105932706
FLDM,Avamba,950.75,174.83,968.67,984499141
NVGS,Buzzster,708.33,704.76,978.94,909012427
TRNO^A.CL,Quatz,838.64,40.5,125.84,172730306
PEI^B,Quimba,289.26,772.46,145.38,429613458
GLRE,Zava,756.9,927.65,156.08,839195526
RFT,Bubblemix,679.72,638.13,181.04,585652150
SA,Thoughtbridge,61.97,670.12,738.17,70289406
APOPW,Livepath,459.54,366.75,789.62,245640520
MYOV,Tagopia,698.84,648.25,28.79,604342007
UE,Twinder,914.23,59.78,904.22,200267972
IBKCO,Avavee,684.29,777.93,803.47,150632862
PRGO,Wikibox,989.77,64.12,974.93,215009963
CHDN,Youspan,529.69,780.23,139.12,468538869
TSQ,Tagpad,443.86,895.3,519.12,672108780
HTBK,Meeveo,677.69,219.31,350.31,86350538
VER,Myworks,417.12,908.45,654.32,827341556
MKTX,Kare,635.18,440.57,958.35,156804664
PAGP,Agivu,918.37,301.63,982.17,656566896
PBIP,Ntags,400.67,656.34,795.44,410796794
C^N,Tambee,294.76,881.06,841.53,96446286
IPDN,Eare,382.56,353.93,422.53,940087791
CIA,Feedfire,482.66,529.4,597.94,380937803
OIIM,Mybuzz,955.31,341.32,199.69,365855581
KMPH,Divape,600.08,261.33,269.23,320794609
SOI,Oyoloo,549.83,771.83,723.22,101589569
OHI,Devpoint,773.05,44.86,207.64,374339616
FCA,Midel,29.72,524.47,188.61,164842687
XOXO,Topicshots,740.92,801.97,322.06,501972403
COF^D,Kwideo,849.26,29.2,970.94,559607540
CVE,Quinu,608.74,507.42,417.4,15497326
FULLL,Abata,879.98,375.85,805.22,764074683
INWK,Feednation,126,621.69,41.55,975620324
RVLT,Youfeed,407.1,358.76,821.37,849615228
CNTY,Browsebug,270.94,151.37,517.85,998935279
KTCC,Trupe,572.41,649.3,722.14,500059528
TYG,Blogtag,705.18,158.24,62.45,574810529
PAAS,Plambee,545.95,499.28,30.12,592715809
DUK,Yambee,739.65,388.3,928.64,595971019
FWRD,Ainyx,406.34,791.26,470.29,510468309
SPAR,Shuffledrive,495.86,425.2,818.02,418031080
FELE,Photobug,523.91,621.64,194.48,36204901
AMH,Topdrive,825.17,607.43,894.75,547765291
BW,Blogspan,774.75,604.5,715.71,632836156
CENTA,Meejo,265.29,161.95,435.79,565609013
GRP.U,Janyx,808.66,951.73,417.69,679436319
SUMR,Ntag,929.3,53.01,956.3,585549582
FFBC,Topicware,127.23,939.03,567.04,246483678
IRS,Divavu,693.96,429.31,240.91,160329782
ROSE,Twitterbeat,854.05,223.75,404.69,143045519
GILD,Oyonder,269.67,280.02,781.56,178138449
AIF,Jetwire,97.81,410.7,240.94,493167993
NEE,Eamia,622.51,906.58,500.96,648248081
BFS^C,Jayo,435.32,533.33,447.94,744375425
ABEOW,Dabjam,749.77,873.02,694.48,166000843
DWFI,InnoZ,327.25,38.98,309.08,861449721
PUK^A,Topicblab,39.69,502.72,999.3,897809249
GALT,Realbuzz,433.78,165.91,551.52,868609935
TMK,Oyonder,259.33,800.11,601.5,592240712
AMSWA,Riffwire,49.48,53.19,819.9,935797132
ABM,Twimbo,514.92,679.78,13.26,733304838
AXS^E,Realbuzz,276.35,153.23,257.1,728547666
LBIX,Brightbean,953.42,835.19,345.21,419846432
HD,Rooxo,538.09,615.41,518.39,468228972
CVEO,Skimia,720.13,471.16,50.75,204111267
GOV,Quatz,206.35,320.61,747.09,221161296
KATE,Buzzster,648.23,754.93,515,603428090
EGLT,Jatri,654.74,781.56,710.14,535347831
WRE,JumpXS,37.21,371.14,552.74,851684573
UHAL,Oloo,832.04,707.07,134.99,832946561
TNC,Vimbo,215.27,854.59,308.82,307443101
CNAT,Rhynoodle,318.49,984.21,308.31,271834671
COTY,Vinte,748.4,148.32,599.24,672988952
PNTR,Katz,165.23,666.52,407.44,618202465
GURE,Eimbee,935.29,615.85,128.94,320099333
SASR,Omba,276.66,867.74,981.02,969933358
CMCSA,Realblab,12.04,661.25,65.49,686881700
CCBG,Innotype,198.28,926.76,249.71,804540435
ATAI,Tagchat,866.03,614.84,760.13,537181231
GJP,Aimbo,947.52,666.04,229.84,710636904
ADOM,JumpXS,26.01,260.04,603.74,654001089
NTGR,Riffpedia,869.85,715.77,127.7,911745516
THLD,Trupe,190.37,547.63,26.07,77108278
PRSS,Twimbo,257.41,479.89,44.26,760295119
JBT,Yakitri,62.04,30.57,63.51,593885665
MN,Kwimbee,741.65,12.88,968.48,668365224
EDGE,Edgetag,549.61,380.22,75.37,295767845
PAYX,Zoovu,135.61,836.02,40.21,853803738
UNP,Aimbo,816.79,954.69,940.93,134512817
BRK.B,Abata,31.04,227.15,330.89,173331231
EIG,Tazzy,615.61,465.51,490.23,163414947
AGIIL,Teklist,146.46,11.45,798.77,151278933
TEN,Avaveo,384.7,339.29,376.33,122417650
CNXC,Youbridge,858.17,412.48,19.26,768024306
ALSK,Zoombeat,78.2,651.71,438.68,416074505
FATE,Yombu,935.3,420.88,648.49,301548565
ATVI,Yamia,563.17,330.4,208.04,535539472
ARCC,Trilia,250.8,83.57,80.65,697584278
REXR^A,Oyope,564.02,42.93,82.96,320643833
HSBC,Zoomcast,398.06,737.97,538.67,977180276
EVSTC,Realcube,851.28,732.37,156.6,649595873
APOP,LiveZ,827.64,510.14,755.3,975769171
BBT^H,Dynabox,802.83,457.5,821.2,797660418
P,Jaxworks,965.98,927.23,525.3,160809959
WGP,Youspan,814.03,47.31,751.64,990513222
IART,Twinder,742.75,485.19,609.83,921999617
KE,Kazu,278.83,569.23,677.54,242756611
SUNW,Fivechat,345.42,573.98,321.87,55205927
TCMD,Shufflebeat,548.54,768.57,58.13,448693670
JSM,Babbleblab,498.11,195.23,828.54,224357713
TRCO,Meemm,293.46,229.33,769.6,966231805
NBLX,Eamia,581.42,791.71,435.19,370158046
SXC,Realblab,174.21,988.16,671.14,573127438
VSTO,Mynte,843.47,185.89,46.04,679871399
RFTA,Tazz,30.78,906.37,110.56,721367540
KNSL,Kwinu,78.97,225.98,521.29,349208562
FHK,Katz,315.86,679.08,292.79,942911654
OEC,Edgepulse,449.5,799.63,68.42,464516122
MORN,Quire,123.14,742.32,700.5,626913776
LTM,Gevee,82.69,972.21,790.04,350352160
CYS,Mynte,239.82,511.14,113.17,701319861
TDW,Feedbug,508.82,207.42,507.78,98549747
SCHW^D,Oloo,100.13,306.11,431.27,706059698
CTRE,Brainverse,629.02,887.74,882.84,553395623
LPNT,Jayo,126.15,269.25,750.96,653956587
QQEW,Youtags,233.29,972.77,128.21,451310340
TOO^A,Oyondu,927.5,688.76,467.67,846913358
SAB,Feedspan,441.82,77.94,395.81,46253727
PBSK,Edgepulse,745.31,72.33,471.91,16895326
SLRC,Livetube,866.74,1.32,939.22,460959474
TRNO,Avaveo,831.55,584.47,207.87,562595934
PEI^A,Bubblebox,624.37,951.2,982.6,511682276
PID,Tazzy,773.18,236.07,583.16,146633241
ACFC,Skibox,163.33,788.32,962.11,495528845
CWBC,Thoughtblab,876.76,963.9,845.01,771415902
QRVO,Quaxo,517.79,947.25,287.56,374018627
FLXS,Feedfire,5.97,837.88,366.83,394188296
NSR,Realbuzz,120.19,598.62,385.55,288665140
CLNS^C,Photobean,824.63,401.53,747.43,449315410
EYESW,Thoughtmix,83.71,549.24,897.11,250789955
CCJ,Thoughtstorm,738.55,152.61,176.92,314103277
ENLK,Oba,848.16,356.66,195.35,443631878
NPV,Youbridge,906.42,714.28,711.28,184189166
TFX,Jabbersphere,618.86,571.66,998.8,362884737
NVFY,Npath,211.5,944.66,591.05,138770836
INPX,Blognation,157.28,605.43,338.28,480172512
PLD,Geba,97.34,759.1,697.27,872779030
MCRI,Voolia,204.88,786.64,39.38,267467536
RDC,Eimbee,749.96,122.08,849.71,148064534
TSNU,Yodel,766.9,102.17,530.42,488580182
OHGI,Realmix,116.04,775.69,527.82,139306313
GALT,Avaveo,587.83,744.65,967.23,20850790
DCI,Camido,14,898.51,109.86,181770765
FCF,Latz,784.53,733.96,725.25,54844053
RGLD,Pixope,779.9,912.58,960.3,17397482
DSX,Roomm,494.41,716.07,22.39,944177230
KMX,Skippad,919.64,886.91,236.79,731342044
CRUS,Oodoo,31.51,301.23,163.19,838247642
LECO,Agimba,545.78,538.54,946.16,650803114
FNHC,Skiptube,896.61,702.62,68.61,853489557
EZT,Photofeed,393.1,608.34,464.58,492710747
ORMP,Jaxspan,240.6,991.86,995.04,34835729
CINF,Centimia,664.08,896.3,851.26,145543005
BRS,Mymm,427.21,233.92,252.76,91548695
YPF,Devify,888.34,852.63,762.99,319500857
WAT,Digitube,637.64,731.59,274.01,888392876
CSGS,Twitternation,882.69,981.63,702.81,803844531
SMFG,Buzzdog,488.79,190.05,899.9,763377140
E,Jetwire,595.35,769.42,338.78,805775931
NVUS,Midel,123.57,565.35,448.88,117247042
CLMT,Youtags,148.61,738.97,693.75,273237084
OPK,Voonte,927.05,519.41,220.77,879148107
EPC,Babblestorm,545,575.93,834.5,761941459
AVDL,Mydeo,339.74,869.63,391.88,613235412
GLOP,Dynava,445.82,557.05,701.37,625112966
NYLD.A,Blogspan,836.29,389.08,732.28,628354903
GM,Wordware,645.57,562.16,684.28,836098838
NEU,Zoombox,744.37,449.75,939.44,730024029
CELG,Gabvine,543.06,744.92,569.43,638899989
SLP,Meeveo,656.18,135.31,886.85,716750793
SALM,Browsebug,805.44,644.21,610.46,994875849
APAM,Shufflester,929.1,195.62,110.44,822088862
DERM,Reallinks,3.24,155.77,767.94,719098444
CMRE,Dabfeed,533.17,375.04,474.38,335791585
GTYHW,Youspan,533.61,562.58,735.15,51606174
FRT,Vinte,747.47,912.97,115.36,775011519
PSA^U,Avamm,875.14,842.06,521.05,982521569
NEPT,Skalith,527.39,237.94,701.49,894548135
CNX,Yoveo,924.22,247.9,435.89,135445517
CCO,Shuffledrive,20.77,318.58,792.12,469070420
EVHC^,Eimbee,941.02,512.82,620.82,558660858
BOLD,Devshare,716.5,58.13,246.97,626581716
NWS,Cogidoo,78.39,626.46,470.04,92126309
GJP,Browsedrive,494.24,683.06,664.04,667567836
TCO^J,Oloo,707.84,555.86,645.72,517752620
BIOS,Thoughtbridge,35.02,613.2,555.98,952615447
RGEN,Avamba,600.98,303.87,9.26,68125719
CBSHP,Tagfeed,906.01,617.54,120.75,663743801
GEF,Divape,15.7,885.78,136.81,588224800
LCAHW,Edgetag,857.56,812.71,835.75,254975216
AZZ,Pixope,161.53,181.09,153.53,854563042
BSD,Skiptube,696.54,270.16,249.37,957969428
STT^E,Latz,596.2,243,22.92,137511306
RVLT,Quire,442.95,704.55,395.68,221796421
ZEN,Zava,12.45,671.94,830.47,569820011
STAG^C,Fadeo,404.07,447.09,902.88,814563688
BVXV,Vinder,19.75,65.32,761,368627437
DGLT,Pixonyx,947.94,716.98,825.2,650025865
CDZI,Browsetype,363.66,416.38,971.27,127252614
BFIN,Feedspan,224.42,589.35,499.86,917677210
GNW,Quamba,906.85,29.71,947.63,373016630
NLY,Skynoodle,839.03,565.6,900.9,717279039
TRN,Rooxo,892.57,667.01,287.51,887595075
RLI,Vinder,675.29,48.22,41.92,780494708
IMAX,Realpoint,186.55,787.53,823.69,293060764
CAPL,Jamia,460.79,706.43,586.04,467063234
SZC,Skibox,545.6,482.59,704.75,761933655
FTSM,Snaptags,540.43,381.52,138.74,433407958
DLNG,Babblestorm,36.36,212.28,447.21,161217102
RBS^S,Eayo,496.25,254.86,8.63,437484633
FSTR,Youbridge,52.43,538.14,221.17,955367111
EBIX,Voonder,973.1,504.55,5.35,311721368
VEON,Skimia,940.89,993.12,912.13,433182645
SSW^E,Thoughtbridge,405.08,343.38,507.22,799194296
KMM,Yoveo,382.95,757.33,870.21,678317522
KYN,Innojam,237.9,349.69,603.31,473766808
MCEP,Topdrive,477.58,936.46,739.32,674451672
KWEB,Edgetag,943.11,569.51,443.76,733602843
OA,Jatri,528.85,519.1,913.82,678258441
ASMB,Skyndu,799.5,300.44,736.84,95304287
LXP,Gigashots,683.78,300.87,968.61,17019310
THGA,Skimia,682.05,191.91,701.28,715099881
ETH,Pixope,402.44,864.67,189.39,921836974
TILE,Fivespan,851.48,753.12,93.69,114074357
NVCN,Skibox,125.19,394.26,342.93,469313072
LYTS,Browsetype,903.84,272.07,308.12,956411174
EGHT,Quatz,699.12,64.4,807.59,374317180
TBNK,Kwilith,283.92,854.83,739.02,679200397
SAJA,Digitube,551.11,909.02,606.43,484283727
SHLO,Devpoint,208.41,751.17,534.9,245915390
PANL,Agivu,658.04,186.13,907.38,376703789
DCI,Omba,475.17,155.11,516.88,911014033
AIRT,Mydeo,282.4,478.45,234.48,980209443
LXU,Roodel,219.27,920.2,852.79,641215757
CONE,Wordify,416.24,527.23,970.27,718489249
GKOS,Devify,580.36,125.6,277.17,393590928
TRPX,Roodel,668.39,901.48,916.06,994022163
CTRL,Shufflester,829.36,295.56,208.38,579292691
BEBE,Devify,778.21,569.38,909,711687939
ZOES,Jaloo,571.15,546.66,368.35,192772147
CPIX,Innojam,554.09,865.83,665.02,285733174
LFUS,BlogXS,518.49,758.49,712.05,605487266
DFT^C,Wikivu,896.3,447.16,5.73,975854835
IAG,Gabtune,321.67,574.04,393.03,127649816
CBG,Rooxo,291.53,534.61,754.35,487877771
BAX,Twinte,635.99,952.31,673.57,920199377
WRB^C,Trudeo,577.05,123.58,241.46,716736985
SYPR,Mycat,358.02,557.77,553.04,138913460
MOTAW,Quatz,983.11,668.05,232.91,26768360
MLHR,Yadel,529.05,155.54,926.16,325020761
CX,Youbridge,494.61,688.18,128.11,351926808
AVA,Jaxbean,325.56,149.3,27.55,981111658
WDC,Katz,37.12,64,705.77,148617946
JJSF,Youtags,115.66,593.18,383.4,14366310
GCV,Fivechat,330.5,763.96,763.5,827096793
LINDW,Demimbu,950.01,123.41,266.96,924381570
WBS,Bluejam,397.33,764.27,632.52,404023809
EGT,Edgeblab,547.89,522.42,947.49,629595131
QNST,Linkbridge,46.64,92.03,965.81,583732683
OMAA,Meevee,797.21,703.82,222.6,956312134
BST,Katz,769.57,858.92,669.9,851994718
CBD,Realcube,719.12,821.46,738.73,162330249
IIF,Mynte,817.05,392.46,202.84,244189435
MULE,Dynava,772.59,7.92,125.94,27738475
MTFB,Zooxo,178.37,126.96,270.51,569763059
ETRM,Roombo,201.57,512.69,23.17,502129623
PID,Yoveo,121.63,939.48,842.36,472908889
CINF,Avamba,697.38,637.33,211.77,887777279
UTF,Centidel,928.26,62.36,797.66,536682328
LILA,Riffpath,545.51,449.52,585.84,48301134
ASH,Browseblab,524.34,568.67,545.79,555906611
RFIL,Skajo,793.43,562.22,46.4,921017278
APD,Skiba,911.27,102.04,165.16,378693975
CSGP,Avaveo,450.47,585.95,837.47,38929923
ABUS,Kimia,138.72,289.65,828.09,444973110
EVOK,Jetpulse,36.14,13.13,450.82,335906044
FBM,Meevee,887.66,147.9,712.19,593394996
AMCN,Miboo,939.33,769.08,533.72,869567433
HSIC,Skinder,471.61,5.41,412.42,865638954
STAR^D,Feedfish,7.92,359.71,586.69,150909318
IEP,Avamba,931.57,451.14,509.68,74941253
GSIT,Dynabox,283.74,513.78,600.58,559806092
IDT,Viva,703,649.48,34.03,391680353
WFC^P,Tavu,88.39,456.93,991.09,612301958
SCSC,Zoomdog,956.6,362.85,618.57,46370566
TCO,Topicshots,650.2,998.63,323.82,372910847
WNRL,Digitube,334.03,96.61,286.71,250593973
SMCP,Tambee,635.71,878.83,874.97,309739610
CERS,Tazz,795.87,186.26,62.13,688837502
CCL,Fatz,248.66,197.31,675.87,338397748
KOPN,Devbug,543.51,112.85,972.47,473481474
CBG,Jabbersphere,131.96,247.12,669.26,825920552
NC,Thoughtblab,794.05,158.99,588.78,239507054
VAR,Youbridge,806.78,286.95,14.53,539050124
BJRI,Topiclounge,866.38,221.09,373.24,856759999
CUBE,Yakitri,243.89,298.33,379.41,595951709
BDXA,Blogpad,81.61,477.39,758.62,797691614
IBB,Skynoodle,878.23,1.24,491.67,230310722
UNIT,Shufflebeat,295.16,443.41,348.29,770084751
PHG,Podcat,880.33,168.32,946.15,205946531
ADSW,Rhynyx,212.45,942.89,615.57,130445230
AAWW,Oyoloo,587.94,744.53,471.2,296656407
SSW^G,Centidel,733.39,616.02,89.46,673801760
HJV,Gevee,150.09,295.84,271.74,707884425
PSB^V,Flipbug,324.9,897.8,393.84,223691859
SOI,Janyx,787.34,218.37,395.78,666317167
STAR^I,Rhyloo,545.88,917.88,253.32,84859443
NGHC,Wordtune,885.95,38.07,359.74,502391760
ECC           ,Bubblemix,741.21,494.6,403.4,338021322
AHL,Aimbo,556.14,370.49,60.62,807570563
VLT,Jetpulse,86.3,588.24,362.82,94131270
FEM,Meeveo,257.02,637.66,869.18,696195687
WYIG,Jabbersphere,575.63,449.03,498.21,48045713
ANFI,Topiclounge,467.21,391.88,229.88,247972257
ACRE,Shufflester,741.37,819.93,942.2,469654595
EGLT,Skaboo,309.76,231.24,218.99,662400426
UMH,Jaxspan,557.31,468.22,534.84,23500697
INDB,Shuffletag,308.13,256.63,911.71,896481488
HBANP,Demivee,309.18,832.87,334.75,439521714
NAII,Pixonyx,962.3,92.63,990.24,122761364
PFBI,Gabcube,115.45,617.99,694.11,549529274
EV,Cogidoo,815.95,687.04,550.47,889157205
DRI,Skaboo,680.42,663.94,973.12,127672084
AI,Thoughtworks,395.07,434.68,674.6,922463162
NCMI,Youfeed,939.08,14.53,763.51,176287104
CPAAW,Lazzy,338.35,229.74,485.01,645434534
DWAT,Pixoboo,783.08,638.8,868.61,227422670
CNOB,Digitube,105.88,861,206.56,966037680
THC,Feedbug,150.26,570.85,372.21,485749714
KSU^,Brightdog,907.3,370.87,763.24,33517234
BBT^H,Realcube,950.59,130.55,116.74,529885333
IBKCP,Mita,870.21,195.82,345.15,211388071
ZIXI,Nlounge,3.93,859.37,272.34,578340536
BRSS,Quinu,510.66,600.8,361.38,655527607
BAC^L,Zava,643.99,756.3,671.67,260648196
POPE,Quinu,445.6,473.8,992.42,845225752
HK,Flipstorm,931.74,820.23,695.28,115958078
AET,Skiba,60.48,511.03,425.57,1287121
NVAX,Meevee,497.35,237.51,819.88,933797330
ROCK,Quinu,500.2,398.98,171.12,15301595
SFL,Feedmix,66.64,825.55,262.32,510801203
SNOAW,Zava,978.35,398.48,698.77,520292071
AAXN,Leenti,17.61,987.6,359.93,87626332
PGTI,Cogilith,57.8,586.19,68.72,890951172
NYMTP,Twitterbeat,855.54,937.73,699.33,715285701
DRE,Dynabox,366.24,791.18,778.77,103183409
WWW,Vinte,764.46,564.84,967.35,363394351
MFINL,Zoomzone,638.13,306.22,349.63,69285844
CMS,Wikizz,123.51,262.82,665.78,295377112
GIII,Tagpad,585.72,720.92,862.7,770847102
PACB,Trudoo,650.3,207.67,348.93,278501792
CSTE,Dazzlesphere,433.37,572.48,241.15,152822360
NRK,Kaymbo,478.05,590.54,310.96,377160842
WF,Yakitri,490.73,183.55,876,480084564
LDF,Feedmix,481.01,882.9,894.3,963439682
LUNA,Chatterpoint,716.8,341.71,371.11,874552828
BYD,Zoonoodle,535.09,932.8,505.54,607551357
BNCL,Yamia,357.18,340.02,35.1,424115210
HOLX,Zoonoodle,713.46,196.74,154.26,322186419
CHUBK,Gabvine,639.94,746.24,546.97,403373569
FIX,Jayo,791.32,355.75,68.69,981758940
UDBI,Feedfire,842.7,372.54,486.19,563627821
HEES,Skidoo,278.64,808.71,867.46,723209275
SNMX,Bubblebox,720.49,387.03,485.81,308505616
OACQU,Thoughtsphere,278.73,355.92,836.19,96585676
THRM,Tagfeed,649.62,439.7,816.09,662544294
YNDX,Wikizz,660.63,930.41,563.9,877617624
CIL,Plajo,307.12,161.87,841.36,768488446
CORE,Browsetype,554.29,828.99,158.18,824121757
TCPC,Zava,553.48,263.03,635.48,966922227
THG,Trunyx,145.79,511.32,471.98,592886445
CWCO,Eidel,262,872.18,617.53,576808735
OREX,Thoughtbridge,249.45,362.67,988.88,864660801
KNL,Roomm,198.98,466.24,738.59,960571637
BCLI,Oyoloo,418.3,896.88,911.85,593914563
COLL,Avamm,62.78,689.09,818.98,19988716
TAX,Katz,915.84,409.31,920.07,304230670
OSN,Topiclounge,287.04,412.5,578.33,650319712
TOO^A,Brainbox,136.51,939.65,743.49,254081486
SPE^B,Mudo,753.22,396.06,573.05,245363180
JFC,Brightdog,734.23,329.4,257.2,179108910
MDGS,Thoughtbeat,442.67,644.47,876.19,347860720
SAFT,Yambee,1.54,366.33,652.7,455544404
STWD,Demimbu,785.62,257.36,379.94,281249396
NVMI,Vinder,899.96,159.42,546.02,682081784
INXN,Zazio,71.59,805.24,723.64,294702702
JBR,Leenti,794.69,804.98,90.19,702889802
BATRK,Thoughtbeat,144.1,184.89,693.08,986991836
PXLW,Kazio,422.08,114.96,955.67,563252353
CSBR,Jaxworks,759.2,292.83,323.85,57068496
ELC,Npath,228.04,931.5,347.47,47421850
BHAC,Feednation,177.53,438.03,391.3,189366488
MVO,Avamba,946.33,345.73,377.12,467759752
BIOS,Gigabox,159.92,772.53,155.54,67839661
VMO,Oba,631.13,175.63,800.32,37885925
IDSY,Mita,88.64,273.58,975.99,348564591
ELVT,Gabvine,343.58,233.62,145.57,616346289
TWNKW,Tazz,293.95,803.72,88.63,323474316
GPOR,Oba,873.84,967.37,884.39,56721024
OXLCN,Oyoyo,823.32,395.68,560.34,301039309
ZIONZ,Cogibox,642.15,137.63,511.14,322618259
GDL^B,Gabtype,448.76,5.03,196.61,935651218
DNOW,Gabspot,108.98,844.86,286.49,650193900
EACQU,Mybuzz,681.82,978.92,701.14,140127406
EMCB,Devcast,647.82,692.14,582.09,253647558
GLW,Feedfire,655.37,725.14,931.85,761503230
CBFV,Yambee,496.01,450.5,48.92,577736574
OHRP,Gabtune,565.34,312.97,118.33,685843567
ANTH,Kazio,416.73,697.57,775.13,733682786
HP,Shuffletag,805.49,58.83,786.28,357799376
BBU,Browsetype,663.86,803.17,565.88,889328111
EOCC,Fadeo,929.73,568.38,781.39,611730426
ASX,Kwinu,140.92,164.49,471.07,36400419
JW.A,Oyoloo,929.19,31.95,101.91,872959626
WYNN,Jabbertype,976.05,4.41,339.54,359377439
EVGN,Trudeo,882.87,649.92,206.05,351275709
EGLT,Devpoint,420.79,201.46,751,926209479
NAO,Skimia,444.33,915.63,749.17,391608664
BBL,Lazz,669.48,356.02,973.59,801468451
PNK,Npath,761.28,713.53,262.28,569532107
STK,Skyble,908.22,346.81,452.97,756611237
RVNC,Centizu,332.51,967.8,145.98,90126895
RGNX,Myworks,311.48,969.62,238.83,504400594
IHD,Miboo,209.7,608.3,435.6,553435301
JNJ,Realbridge,488.15,386.54,252.34,276316447
CZR,Edgeify,636.14,449.84,79.3,563740606
GAM^B,Rhyloo,60.11,75,395.81,308485949
LSI,Mydeo,103.84,309.8,106.94,709740343
OSBC,Feedfish,842.74,698.33,604.94,466462482
ENZL,BlogXS,957.17,880.24,570.09,732611967
PLXS,Babbleset,445.45,378.63,71.27,52592449
RL,Browsezoom,339.25,311.86,415.5,705648727
CHEK,Fanoodle,687.18,766.27,64.38,876473995
PFD,Ailane,450.02,198.69,450.96,628185747
PFE,Oyoba,74.5,544.73,528.83,836416627
OBAS,Dynazzy,109.37,391.98,133.65,67221011
SOHOM,DabZ,794.81,207.5,483.08,349521547
SGF,Devcast,173.85,834.25,48.6,803209579
RP,Wordtune,293.18,439.42,968.5,73904569
TGI,Livetube,257.19,341.04,331.43,975957345
KWN,Brightdog,883.44,698.32,723.56,753410045
CIM^A,Zoozzy,58.47,999.61,477.91,762922385
XCO,Skippad,656.6,171.66,141.68,998585553
MC,Mita,682.41,96.93,228.04,955701849
CWH,Jayo,862.27,768.9,911.28,150243388
MIIIW,Quinu,864.85,658.54,774.5,875949078
PDEX,Pixonyx,727.72,297.43,729.02,643133989
BSET,Yotz,51.26,188.69,300.93,139222167
ETG,Katz,955.28,916.53,98.88,552549867
LAND,Rhyloo,769.52,648.09,185.12,756636973
OFG^D,Skajo,578.17,130.07,392.82,585794638
JKS,Fliptune,293.75,904.27,192.89,924332463
MTGE,Divavu,109.54,705.32,864.81,69845263
SYKE,Dabvine,677.62,789.84,598.17,978895738
GNTX,Twiyo,807.15,236.48,977.83,528243853
TBPH,Oloo,277.69,83.53,242.34,377050161
PHIIK,Jazzy,479.92,229.17,391.98,194251240
BWLD,Trunyx,578.43,718.72,873.87,63368032
CIG.C,Mudo,641.61,266.03,51.88,596905486
ABR^B,Tambee,312.42,850.81,384.38,827824195
NAP,Yambee,963.52,136.81,888.44,310488565
SPCB,Myworks,144.96,491.19,293.63,317059829
IEUS,Twiyo,320.44,236.76,689.4,558708902
NEV,Divanoodle,534.9,517.69,685.79,785929911
RRC,Voonix,703.02,242.84,107.31,641764250
EVHC^,Realpoint,382.67,796.22,30.33,538778980
FIBK,Voonix,964,210.34,400.15,974976965
DWCH,Twinder,828.56,153.47,523.89,331838213
GNC,Mybuzz,853.1,572.14,600.25,349801538
TECK,Tavu,371.64,503.45,671.53,112988086
HMTA,Viva,482.95,427.83,142.25,890555387
PWR,Voomm,575.38,657.96,189.25,42966377
SEM,Zoonoodle,997.05,504.14,628.74,221280169
NTB,Buzzshare,93.96,567.34,434.56,300522845
KOS,Abatz,20.78,584.43,550.68,460438130
LFVN,Kazio,801.26,768.78,957.26,786768204
WAFD,Zoovu,556.91,170.21,863.37,794756062
NTRP,Buzzster,670.99,92.94,461.1,112664221
YECO,Yodel,930.11,63.89,445.64,735955077
LBIX,Tagcat,856.47,727.72,683.08,97825199
WTFCM,Fivechat,814.55,83.29,954.57,381227193
TNDM,Photojam,630.46,394.86,525.34,216622434
CHCO,Skivee,918.97,551.8,570.46,393768209
WMLP,Oyope,462.72,61.25,736.46,526915935
NOK,Yozio,299.86,259.57,257.9,877948027
MTH,Voolith,384.85,535.65,366.09,756709412
ZB^A,Edgeify,634.45,447.25,308.84,267231264
HGT,Mudo,588.96,234.31,560.88,563337914
CMCT,Brainsphere,195.36,330.23,157.5,698065534
LEDS,Flipopia,382.68,508.42,487.72,930936346
CCMP,Jetwire,481.45,849.98,597.9,949510815
IDE,Brainlounge,217.57,344.17,707.23,802361074
GPC,Youtags,442.41,845.97,581.31,945852380
GPRO,Zoomcast,708.58,863.87,234.79,96349886
OFS,Kwideo,651.9,56.99,289.83,512639656
FNTE,Skipstorm,917.16,925.21,927.55,567663388
BOFIL,Kwideo,240.75,490.02,937.46,105103305
ZEUS,Zoomlounge,413.44,685.51,773.84,828167773
ISRG,Topicstorm,565.69,977.32,400.27,878601859
WMLP,Dabtype,566.75,782.88,143.65,898553845
BBK,Dabshots,78.71,505.22,747.3,190953674
LCAHW,Buzzbean,312.48,822.53,530.13,401773583
TICC,Blogspan,574.23,986.76,641.8,598233461
FMNB,Twinte,229.09,663.36,180.19,307404276
DRI,Demizz,341.32,621.81,574.85,654830610
MS^A,Twitterbridge,675.61,706,403.06,428502041
WGO,Tanoodle,494.57,2.98,444.88,388510573
PEI^C,Babbleset,763.97,867.05,314.27,240653050
FEI           ,Tagchat,355.5,7.36,729.57,627910158
TLND,Nlounge,837.69,605.5,132.95,812136972
FLN,Npath,423.07,753.74,694.68,647622620
BKEP,Geba,712.14,678.78,959.19,88349254
DSM,Oyoyo,509.24,811.28,967.51,836324053
VBF,Blogtags,895.81,454.46,807.47,695731677
PBBI,Divape,636.48,660.78,608.6,232458299
FCE.A,Shufflebeat,658.04,931.15,308.93,705323002
EIGI,Rhycero,528.21,428.72,790.18,20832924
HNI,Browsedrive,83.28,400.61,284.9,108376302
CHH,Realcube,991.11,656.22,995.78,506342279
PEG,Youspan,350.82,918.54,851.75,90568672
AEM,Rhynoodle,399.83,455.01,234.25,347078249
TRNC,Thoughtbridge,751.22,461.47,367.28,424042841
BBY,Dynazzy,312.89,671.19,506.66,329529570
ALL^C,Midel,528.62,793.99,912.36,85439585
UBNT,Browsedrive,152.94,604.45,749.31,216757660
NPK,Tazzy,167.57,745.02,384.59,650291410
BEDU,Eimbee,594.92,522.73,403.79,585183431
BOXC,Viva,924.37,39.78,554.93,253970794
HDNG,Realfire,856.81,504.23,249.47,152864722
LBRDK,Oyope,826.04,545.54,834.46,603200520
LADR,Yata,57.16,574.02,349.17,569582648
ESNT,Reallinks,840.79,327.89,237.63,809312070
JPM^F,Chatterpoint,254.33,127.24,16.81,326004642
RGC,Youfeed,229.31,478.48,994.85,224522707
DAR,Aibox,235.14,71.5,472.71,956045735
DF,Jaloo,114.36,100.73,240.4,418170733
RADA,Jaxbean,228.93,35.71,938.63,735501581
ELECU,Meevee,315.46,981.08,91.14,187830561
BWINB,Twitterworks,807.6,775.74,140.65,369366347
STAG,Realcube,805.56,858.2,133.57,388914023
ALL^F,Bluejam,362.94,480.81,307.79,269509572
EARS,Yodel,257.39,656.73,728.61,872600306
XONE,Tazzy,153.82,222.26,269.11,151906822
TELL,Twinder,100.39,566.15,499.1,752113938
FCA,Meedoo,289.29,979.77,316.48,380718791
JDD,Realcube,488.57,38.82,840.68,537869075
SGMO,Demimbu,771.75,941.25,496.46,241353392
GRA,Tagcat,567.88,550.48,808.46,383012114
ALP^O,Linktype,81.58,903.61,161.59,829198672
AVEO,Flipstorm,88.44,228.5,930.1,77837682
ODP,Eire,470.71,502.51,863.32,669162370
PGTI,Wikivu,187.22,369.67,572.4,451888225
IDRA,Teklist,131.08,549.54,125.26,153674869
WTW,Wordware,689.57,473.48,32.98,99270493
MFD,Devify,529.93,267.04,94.46,491303177
CABO,Dynabox,978.08,600.53,584.38,88686295
KFFB,Quinu,268.13,574.55,71.01,284453781
BGG,Photofeed,159.9,397.31,67.52,262455712
KLXI,Gabcube,917.32,238.96,100.35,909798726
NXPI,Flipbug,881.76,677.67,381.81,659781446
FCN,Feednation,119.06,289.42,157.23,956342844
DFS^B,Pixonyx,966.25,523.91,266.53,487408408
PWE,Mydo,345.7,849.54,735.72,801885075
MFO,Twitterbridge,991.93,486.29,776.15,482285662
LNCE,Npath,148.51,521.27,794.02,549207270
MOTAW,Mynte,332.44,137.42,971.84,649281423
PTNR,Trunyx,505.93,583.56,132.08,914425607
SUNW,Meemm,503.08,241.58,766.15,660009697
BASI,Riffwire,248.67,714.92,925.87,519907442
DEX,Agivu,919.38,469.2,205.69,568782634
IGOV,Vidoo,243.83,225.6,325.02,613341281
CNDT,Voolia,891.29,539.29,127.57,869426508
STAR^I,Skipfire,711.6,991.11,105.53,513562079
ETJ,Zoomlounge,846.36,97.75,589.8,311846718
OTTR,Avamm,358.44,20.31,69.23,896790764
BLPH,Skaboo,608.78,128.61,918.13,287791646
DXTR,Youspan,560.74,650.44,658.01,915708601
FOXF,Mycat,68.52,390.38,223.27,457366161
MRK,Vipe,258.11,751.56,989.58,651222826
FMK,Topicblab,911.97,412.13,772.47,214482014
CSOD,Gabtune,898.54,892.4,226.82,603639665
QTM,Twitterlist,486.27,562.33,108.33,139584877
MSTR,Aivee,160.86,152.4,330.99,726861346
SSB,Snaptags,145.6,133.25,510.62,19614123
ORG,InnoZ,801.94,28.27,597.72,569268562
UCBA,Riffwire,202.44,461.11,408.01,856201204
PNTA.CL,Twimbo,377.71,164.31,860.31,429093550
ACSF,Myworks,98.41,121.34,192.07,261249412
WMS,Rhynoodle,584.91,421.81,340.77,805086622
SZC,Skimia,871,425.61,910.96,958936192
CART,Realmix,87.75,789.44,745.4,482112152
BBGI,Rhybox,862.09,493.86,966.67,893977911
IBKC,Lajo,411.5,288.57,761.69,498536631
GOV,Devify,173.16,630.33,711.43,574318007
MGU,Brainbox,294.27,401.1,427.17,485607221
LMHA,Lazz,451.31,159.76,389.21,683680917
LMRKO,Rhynoodle,704.21,511.37,892.54,342923769
CTV,Buzzshare,825.4,641.37,627.22,580114563
OIBR.C,Vidoo,684.3,337.63,359.17,823421026
CLSN,Kazu,798.3,287.18,370.5,359369468
PRE^G,Feedspan,125.66,35.78,187.91,361779858
FLL,Jaxworks,746.07,296.38,671.47,65782450
TPB,Brainsphere,359.99,707.01,160.41,159979892
TTNP,Riffpedia,845.65,224.21,797.6,375555713
VPV,Edgeify,229.68,66.65,935.7,78774875
INOV,Youopia,50.58,178.45,924.6,164439435
CELP,Devpoint,181.54,723.65,422.41,473756615
INB,Skivee,745.29,883.65,283.86,675052695
PHX,Jetpulse,726.96,960.07,830.51,811084985
RYN,Feedfire,322.57,170.14,81.39,117838090
AGO^B,Rhynyx,886.62,617.52,515.04,725173803
LGCY,Kwimbee,616.37,455.27,434.87,718401506
SMBC,Gigabox,392.66,158.78,471.44,707413236
GDOT,Oba,846.23,265.99,413.86,767162488
PSA^Z,Vinder,687.45,795.76,164.14,291348675
CNXC,Yodoo,252.28,366.43,443.29,390291898
IZEA,Twitterbridge,426.12,412.07,719.54,691422457
SFR,Blogpad,759.07,776.86,750.31,83892741
ALOT,Browseblab,677.17,459.44,833.92,613736922
PTHN,Linkbridge,212.06,667.7,902.01,96281985
RFAP,Roomm,642.91,669.66,125.75,260977076
FRC,Shuffletag,312.45,491.97,397.5,85374372
IMDZ,Roodel,787.83,602.91,271.83,252743493
BDC,Wordify,284,528.14,881.34,882181907
VNTV,Flipbug,166.37,955.42,974.85,107350794
ENB,Tagchat,190.99,88.52,494.65,122305888
ONSIZ,Flipopia,466.4,871.24,281.21,313526615
CAR,Skimia,363.14,34.15,683.72,709805401
BDSI,Thoughtbridge,63.25,201.71,153.93,709979018
STX,Edgepulse,801.6,115.95,606.3,859800767
JPC,Fatz,902.8,398.4,619.19,508711113
D,Twinder,763.17,299.69,910.27,217985983
CSB,Ooba,36.06,844.15,717.22,553694246
IAE,Photolist,873.66,318.66,198.04,57089895
SF,Yambee,126.4,136.87,786.68,951969081
MSLI,Demizz,583.57,128.09,470.09,477848684
SCQ,Tagchat,179.05,971.96,841.92,895544065
PRA,Bubblebox,299.84,306.15,517.48,148617064
AIMT,JumpXS,958.41,284.64,113.89,389860858
SPAR,Divanoodle,368.18,307.83,586.9,160343860
BPTH,Gabcube,371.49,488.12,780.58,276776237
AFSS,Oozz,760.58,387.88,262.05,460413298
GCVRZ,Dabtype,646.41,509.83,304.8,611613364
RFT,Jatri,104.63,405.75,230.07,491903943
KELYA,Layo,493.15,517.2,358.91,291003019
OMAA,Bluezoom,676.24,808.27,639.12,872540875
SBRA,Jabbersphere,455.29,188.3,813.96,593895274
MCEP,Topicware,725.54,585.69,103.64,718394972
ESE,Katz,804.95,311.46,498.77,691310733
TSI,Camimbo,74.67,306.18,343.1,460500150
GM,Skinte,587.79,415.31,58.56,389517196
INSY,Oyoba,779.59,125.07,183.1,683322133
KAR,Eimbee,81.2,50.19,732.32,90220728
MMDMR,Livefish,136.41,794.1,958.59,285018120
TPIV,Devcast,665.7,158.59,571.13,324956030
PERY,Oozz,25.89,106.81,744.1,289501419
KTWO,Yozio,182.45,910.11,312.84,257039653
PXI,Realbridge,651.51,990.25,618.04,166054433
HMNF,Yamia,324.38,465.11,59.14,342426921
STBZ,Zoomlounge,327.47,367.83,274.04,413787543
KNX,Cogibox,250.06,211.29,541.42,606349941
PEI,Vinder,206.76,560.57,413.34,910652000
AIY,Topiczoom,403.61,225.13,632.63,271539050
HUBG,Trunyx,274.76,981.28,989.42,419483414
QLC,Divanoodle,559.61,822.89,897.58,573299562
ELS,Thoughtbeat,913.97,789.3,997.9,845402720
PSXP,Talane,899.62,54.49,268.6,756861175
PTHN,Chatterbridge,746.01,554.48,220.87,904289861
USB^H,Topiczoom,140.88,471.6,957.61,15056539
BWA,BlogXS,296.16,308.19,540.02,281349297
DRUA,Meevee,266.6,327.44,163.52,125340247
LPT,Quaxo,312.68,996.51,63.27,309142034
UNM,Camido,136.35,275.19,376.08,909005913
CVLT,Realbridge,172.78,979.35,586.48,985942449
CVLY,Tazzy,609.69,734.25,820.58,735814759
NXTD,Kwilith,153.07,143.02,176.33,584060217
EAI,Abata,494.03,49.81,419.29,178394016
CIL,Omba,581.65,127.59,70.19,907257598
ALR^B,Eire,587,369.38,971.1,726021940
PHIIK,Brainverse,462.04,552.89,925.56,100528044
PKX,Flashpoint,874.28,21.46,570.14,434650687
TRV,Teklist,111.83,384.81,676.85,368991759
BBVA,Oodoo,987.99,152.28,559.93,387491552
MDLZ,Fivechat,752.21,633.65,493.67,166485952
DO,Twitterbeat,328.82,394.41,164.6,831599568
PID,Browsecat,543.52,901.07,531.72,605302811
RNWK,Yakitri,702.88,257.36,689.29,897831903
VC,Quinu,847.74,697.48,324.77,280512277
SM,Jabbertype,179.52,251.5,407.38,221135689
BERY,Browsezoom,32.35,419.76,82.56,963892483
MAYS,Wikivu,206.19,459.6,512.94,167158479
NUROW,Innotype,960.55,402.58,37.21,939893580
FMSA,Photobug,594.11,379.16,811.41,684403089
ASFI,Oodoo,569.51,935.24,283.09,982123587
GSIT,Topicstorm,510.26,572.43,869.61,48758364
MITT^A,Yadel,458.31,873.33,847.1,743181521
CXDC,Twitterlist,507.05,590,324.24,759044093
CMP,Dabtype,41.75,349.49,23.56,971875668
FMX,Twitterbridge,816.68,979.34,631.78,740457806
DOC,Skippad,358.26,919.24,853.28,875621592
MMT,Cogibox,63.02,551.47,568.34,871321766
MMDMU,Skimia,509.09,283.69,761.26,555403197
PEGA,Devshare,987.66,584.6,350.7,51690653
LND,Jayo,679.1,690.83,638.05,811262775
BST,Lazzy,330.37,309.22,28.43,765077927
PTY,Rhyloo,869.47,252.8,502.13,581836450
SBLKL,Vimbo,964.16,343.28,774.52,50590541
DSWL,Ntags,975.25,696.17,577.33,364637086
FEI           ,Lazz,744.25,96.18,290.34,355121494
BXC,Eabox,873.51,416.56,312.02,331384016
PKG,Bubblemix,718.88,848.4,988.34,119669636
TANH,Avavee,637.18,445.58,189.83,431069106
NUO,Camimbo,30.45,543.34,971.62,610976249
UBOH,Agivu,525.27,58.22,501.63,821800996
ROIC,Devbug,990.6,754.49,405.14,606441297
FFIN,Avavee,109.01,504.51,397.02,607037174
ABC,Gigabox,128.98,642.81,196.61,559954604
LPNT,Devbug,565.93,492.73,56.24,300360493
GCBC,Buzzbean,509.9,896.83,724.3,823879535
CIM,Youbridge,988.44,111.21,700.67,114968031
GLW,Riffwire,149.37,651.27,889.77,927704121
EDF,Fivespan,615.03,533.42,517.09,636593347
BFR,Tagtune,858.6,777.68,419.1,807757355
GER,Mydeo,680.14,275.99,905.93,447084845
WTS,Eimbee,171.7,845.97,224.28,882557002
SPLS,Edgeify,355.41,431.98,419.54,286647190
GRA,Podcat,385.79,716.9,498.85,466370190
ICON,Rhynoodle,277.96,996.01,728.98,814019526
RFEM,Kwideo,441.95,369.88,431.84,892244811
BBOX,Feedbug,432.62,660.01,469.18,91882123
ELTK,Zoomcast,594.88,750.55,44.93,249575827
ERII,Cogidoo,949.15,141.44,862.79,403369121
AGI,Gabtune,586.59,779.78,352.38,526918380
IID,Yozio,673.04,20.15,289.33,104346615
HST,Eayo,192.49,860.08,123.11,869788644
FYC,Feednation,883.8,646.18,628.96,377922403
NSM,Divavu,402.29,226.15,610.68,211273993
TTEC,Myworks,891.17,977.18,566.39,160065742
AREX,Talane,657.29,727.93,694.02,96793904
BCE,Flipbug,795,425.42,628.5,957125128
TCO^J,Vitz,804.28,231.99,866.89,941537727
RP,Topicstorm,882.8,895.81,17.75,134580905
MMC,Kwilith,237.8,378.26,594.64,25471353
SLD,Feedmix,638.84,535.94,430.63,595076100
MPA,Thoughtsphere,394.08,122.54,135.33,791293132
ROKA,Oyope,592.65,602.18,508.09,155397499
PLW,Gigazoom,12.6,349.85,387.4,979668916
HSEA,Bubblemix,591.62,978.74,731.62,655054412
OPGN,Twitternation,583.62,75.68,750.98,419358750
DTEA,Skipstorm,305.91,990.89,461.65,551028389
BBN,Bubbletube,207.84,612.74,535.5,958754618
SNOA,Linktype,516.14,774.69,808.2,738383303
HGSH,Reallinks,436.04,584.76,263.86,622438
UBCP,Talane,953.47,565.86,468.53,755937027
VSAR,Zooxo,295.73,739.53,695.04,506946769
FTV,Zoombox,508.7,176.44,623.11,698277384
BRX,Thoughtmix,619.8,866.04,627.86,793057971
CIR,Oyondu,108.21,360.42,311.41,560822592
VVV,Jaxspan,296.61,730.25,367.41,792086588
FKLYU,Voonte,811.08,80.83,653.04,100329591
MCO,Eidel,763.23,20.06,395.21,623383365
MORE          ,Edgetag,70.02,437,621.22,913297806
LILAK,Skinder,681.98,937.46,131.76,805596166
ATI,Oodoo,236.9,753.98,686.62,101601017
CLBS,Zazio,169.35,641.96,2.69,697850937
SNDR,Tanoodle,635.46,630.5,111.79,15320881
GDL,Buzzster,303.88,634.02,937.46,139768094
PNW,Yodoo,488.88,611.83,537.41,166018830
