id,symbol,name,close,open,value,volume
624b1fc9fc13ae359b00012c,PBI^B,Dabjam,767.35,243.81,242.08,224614622
624b1fc9fc13ae359b00012d,CTMX,Skaboo,238.1,341.54,167.12,550102821
624b1fc9fc13ae359b00012e,WETF,Muxo,430.57,322.36,195.11,523526983
624b1fc9fc13ae359b00012f,RNR,Wikivu,779.63,478.84,704.37,142543401
624b1fc9fc13ae359b000130,FCVT,Yoveo,555.7,886.38,228.48,687313402
624b1fc9fc13ae359b000131,DS^D,Jabberbean,407.18,292.3,356.93,704873992
624b1fc9fc13ae359b000132,FNV,Eire,23.12,595.89,547.37,735278819
624b1fc9fc13ae359b000133,WPG^H,Devshare,110.96,720.82,972.61,101691466
624b1fc9fc13ae359b000134,CINF,Twinder,224.36,856.31,875.03,7083085
624b1fc9fc13ae359b000135,FMB,Meedoo,898.89,260.15,409.47,435000948
624b1fc9fc13ae359b000136,DPLO,Skipstorm,494.44,950.86,626.9,849620632
624b1fc9fc13ae359b000137,BPFHP,Tanoodle,116.02,870.76,297.53,113222243
624b1fc9fc13ae359b000138,QQQX,Mynte,698.1,227.61,350.9,271841158
624b1fc9fc13ae359b000139,CBU,Kayveo,27.8,992.67,682.68,949590867
624b1fc9fc13ae359b00013a,PCH,Zoonder,919.36,207.63,131.64,59480213
624b1fc9fc13ae359b00013b,INN^C,Browsebug,961.2,863.05,248.17,668607295
624b1fc9fc13ae359b00013c,EPD,Tagopia,3.17,410.43,683.03,719032551
624b1fc9fc13ae359b00013d,ENIC,Rhycero,344.09,548.71,262.5,162480737
624b1fc9fc13ae359b00013e,TLLP,Quimba,941.16,294.02,536.67,371342464
624b1fc9fc13ae359b00013f,CNCE,Gigaclub,783.91,579.97,851.76,803400081
624b1fc9fc13ae359b000140,TLF,Eire,484.99,754.42,683.28,455733546
624b1fc9fc13ae359b000141,FLXN,Rhybox,131.74,694.2,816.64,573014707
624b1fc9fc13ae359b000142,AOSL,Kaymbo,64.78,614.9,331.35,587617581
624b1fc9fc13ae359b000143,UCFC,Ozu,918.81,19.81,488.95,338636225
624b1fc9fc13ae359b000144,DCUC,Dabshots,964.42,275.1,134.76,408959380
624b1fc9fc13ae359b000145,IVR^B,Dabfeed,217.48,267.24,813.57,285109414
624b1fc9fc13ae359b000146,AKO.A,Voonix,899.37,443.59,187.94,891227796
624b1fc9fc13ae359b000147,COTY,Realcube,650.92,581.48,544.36,855550089
624b1fc9fc13ae359b000148,TELL,Yata,305.73,59.12,469.19,602611843
624b1fc9fc13ae359b000149,CPAA,Oodoo,281.64,856.04,413,675281928
624b1fc9fc13ae359b00014a,HRC,Muxo,292.68,633.04,111.76,129882442
624b1fc9fc13ae359b00014b,PAVMW,Tanoodle,173.63,281.53,139.41,790904475
624b1fc9fc13ae359b00014c,MTRX,Wikibox,122.11,974.52,33.52,272348254
624b1fc9fc13ae359b00014d,GSBD,Rhyloo,119.13,507.89,858.04,307738713
624b1fc9fc13ae359b00014e,KFN^,Youfeed,217.87,585.67,797.71,693185739
624b1fc9fc13ae359b00014f,USB^A,Kare,548.09,201.1,598.85,772814833
624b1fc9fc13ae359b000150,CTU,Mybuzz,145.23,164.97,798.86,345268708
624b1fc9fc13ae359b000151,TWO,Kaymbo,914.3,536.43,553.85,970251374
624b1fc9fc13ae359b000152,KODK.WS.A,Vitz,218.07,227.96,164.36,895585575
624b1fc9fc13ae359b000153,CSBR,Skimia,725.6,497.7,205.27,472138208
624b1fc9fc13ae359b000154,SLD,Babbleblab,176.52,576.9,379.55,67710796
624b1fc9fc13ae359b000155,CTBB,Photobug,777.99,474.24,19.65,209594048
624b1fc9fc13ae359b000156,HTGM,Gigashots,153.06,55.16,580.58,664467975
624b1fc9fc13ae359b000157,GYB,Jamia,563.86,234.68,467.42,282740610
624b1fc9fc13ae359b000158,TREC,Topicshots,229.82,937.77,652.25,29520941
624b1fc9fc13ae359b000159,RGR,Mynte,880.76,508.26,794.47,777869886
624b1fc9fc13ae359b00015a,QINC,Tagchat,675.08,673.61,361,655060384
624b1fc9fc13ae359b00015b,PLUG,Feedmix,748.22,348.56,697.67,965008264
624b1fc9fc13ae359b00015c,WHLR,Katz,163.59,833.09,731.54,659200879
624b1fc9fc13ae359b00015d,FYX,Linklinks,3.92,371.94,69.82,771700824
624b1fc9fc13ae359b00015e,JTA,Jabbertype,733.12,494.24,102.84,261939159
624b1fc9fc13ae359b00015f,SILC,Kwimbee,944.9,617.2,861.35,813458562
624b1fc9fc13ae359b000160,PRE^G,Yombu,294.37,74.58,847.11,496992944
624b1fc9fc13ae359b000161,AC,Mudo,723.38,213.96,217.21,591826795
624b1fc9fc13ae359b000162,EEFT,Photospace,446.69,243.78,221.81,518913685
624b1fc9fc13ae359b000163,NTEST,Jaxbean,200.74,33.94,265.53,776571562
624b1fc9fc13ae359b000164,BCOV,Buzzdog,195.54,565.27,881.82,627523825
624b1fc9fc13ae359b000165,PME,Jabbersphere,401.44,697.91,578.87,602878498
624b1fc9fc13ae359b000166,SGBK,Edgeblab,944.8,544.87,110.47,135256569
624b1fc9fc13ae359b000167,BHBK,Zazio,538.76,346.81,163.1,391585040
624b1fc9fc13ae359b000168,EXEL,Blogtags,57.4,587.19,61.86,558883730
624b1fc9fc13ae359b000169,IGD,Thoughtbeat,181.04,684.2,342.21,581390852
624b1fc9fc13ae359b00016a,PHM,Realblab,515.14,282.65,223.83,235378768
624b1fc9fc13ae359b00016b,ELLI,Meembee,797.12,867.28,400.86,278151034
624b1fc9fc13ae359b00016c,ACRX,Babbleset,397.06,406.6,35.48,648901643
624b1fc9fc13ae359b00016d,BLBD,Tavu,765.25,33.16,227.84,331543429
624b1fc9fc13ae359b00016e,WHLRD,Skiptube,474.05,3.89,846.6,665531448
624b1fc9fc13ae359b00016f,ELTK,Zoomcast,538.79,242.05,309.46,363542200
624b1fc9fc13ae359b000170,TNP^D,Jabbersphere,778.35,847.27,487.76,118022648
624b1fc9fc13ae359b000171,MUH,Lazzy,899.31,680.11,69.84,894915139
624b1fc9fc13ae359b000172,CTW,Brainverse,786.18,820.64,9.34,917989205
624b1fc9fc13ae359b000173,ITI,Flashpoint,612.61,704.25,292.52,803964430
624b1fc9fc13ae359b000174,WSTC,Topiczoom,226.96,698.97,67.68,84218562
624b1fc9fc13ae359b000175,MPWR,Devshare,37.21,116.19,352.74,223368717
624b1fc9fc13ae359b000176,GNTX,Ooba,799.56,535,996.11,737377092
624b1fc9fc13ae359b000177,WPT,Zoozzy,835.27,202.55,696.77,700519479
624b1fc9fc13ae359b000178,ACGL,Yakidoo,754.84,529.54,940.69,169607918
624b1fc9fc13ae359b000179,HABT,Kwinu,261.1,199.17,192.67,329489598
624b1fc9fc13ae359b00017a,UBFO,Oloo,367.96,766.86,642.1,880512883
624b1fc9fc13ae359b00017b,FTSL,Browsezoom,520.68,899.77,268.2,386663470
624b1fc9fc13ae359b00017c,DAR,Divanoodle,815.75,550,518.94,685571946
624b1fc9fc13ae359b00017d,CIM^B,Gigazoom,334.14,436.76,239.48,299273568
624b1fc9fc13ae359b00017e,SOHOB,Kare,534.52,775.84,262.25,470464232
624b1fc9fc13ae359b00017f,MNR,Blogspan,555.4,921.57,608.36,405553329
624b1fc9fc13ae359b000180,TWI,Jaxbean,855.36,21.34,624.1,566244241
624b1fc9fc13ae359b000181,BLIN          ,Topicblab,938.4,112.18,565.34,667121505
624b1fc9fc13ae359b000182,LTC,Realcube,641.93,592.88,51.53,737373745
624b1fc9fc13ae359b000183,ZOES,Voolith,47.93,81.4,573.23,662157628
624b1fc9fc13ae359b000184,WHLRP,Realcube,541.26,517.02,875.02,985096359
624b1fc9fc13ae359b000185,EV,Kimia,916.17,351.61,397.22,159697668
624b1fc9fc13ae359b000186,CNSL,Twinte,347.86,885.03,412.59,885790777
624b1fc9fc13ae359b000187,SRUN,Topicstorm,924.28,13.87,904.23,967462226
624b1fc9fc13ae359b000188,FTW,Thoughtbeat,944.82,173.41,365.48,598107518
624b1fc9fc13ae359b000189,NEE^R,Riffpath,263.8,850.29,85.75,247684849
624b1fc9fc13ae359b00018a,ICLN,Shuffletag,842.12,834.22,256.59,726301918
624b1fc9fc13ae359b00018b,IDTI,Jamia,257.03,849.71,403.49,644678026
624b1fc9fc13ae359b00018c,NDRM,Realbridge,947.08,364.25,646.58,635200735
624b1fc9fc13ae359b00018d,LCII,Eayo,746.44,723.28,88.64,131392645
624b1fc9fc13ae359b00018e,FMB,Tavu,860.14,170.65,643.25,46349819
624b1fc9fc13ae359b00018f,FMY,Topdrive,855.33,755.49,962.23,858485040
624b1fc9fc13ae359b000190,IO,Oozz,896.75,607.11,882.31,900773125
624b1fc9fc13ae359b000191,AKAO,Edgewire,638.63,178.28,67.38,705179425
624b1fc9fc13ae359b000192,VHI,Kaymbo,391.11,902.09,407.99,266673676
624b1fc9fc13ae359b000193,NEWTL,Kwilith,971.82,950.35,826.35,376118954
624b1fc9fc13ae359b000194,SGLB,Mudo,987.86,157.36,305.16,932640846
624b1fc9fc13ae359b000195,LYTS,Myworks,172.81,493.8,648.18,944404787
624b1fc9fc13ae359b000196,DTUL,Zoombeat,116.31,496.09,230.91,139321743
624b1fc9fc13ae359b000197,DRUA,Oyoyo,397.84,154.04,469.65,174563453
624b1fc9fc13ae359b000198,FEP,Oba,9.6,483.78,641.08,372693063
624b1fc9fc13ae359b000199,ARR^A,Eadel,353.22,386.4,709.65,824687414
624b1fc9fc13ae359b00019a,ZTO,Demimbu,678.8,744.38,710.58,24675699
624b1fc9fc13ae359b00019b,GBLI,Bubblemix,258.34,914.82,987.49,508978384
624b1fc9fc13ae359b00019c,RAIL,Yabox,203.8,311.54,692.2,911699856
624b1fc9fc13ae359b00019d,DPLO,Yadel,332.86,139.02,989.15,518358951
624b1fc9fc13ae359b00019e,MTW,Tagopia,781.73,901.67,928.52,148183728
624b1fc9fc13ae359b00019f,FTGC,Eidel,896.28,982.33,997.61,220992366
624b1fc9fc13ae359b0001a0,HLNE,Eazzy,356.42,494.03,290.49,307229089
624b1fc9fc13ae359b0001a1,TGEN,Demimbu,33.95,229.94,817.44,30402140
624b1fc9fc13ae359b0001a2,FPT,Linkbridge,17.58,601.91,451.25,844847651
624b1fc9fc13ae359b0001a3,SCE^J,Meevee,964.86,482.8,78.4,457705634
624b1fc9fc13ae359b0001a4,QINC,Fliptune,647.2,772.35,36.66,173988247
624b1fc9fc13ae359b0001a5,SUM,Agivu,245.81,687.22,100.7,447586293
624b1fc9fc13ae359b0001a6,NWSA,BlogXS,902.37,835.89,217.71,276273884
624b1fc9fc13ae359b0001a7,RDIB,Babbleset,612.65,659.77,101.93,609768714
624b1fc9fc13ae359b0001a8,LSXMK,Oyope,154.57,485.94,714.07,68717271
624b1fc9fc13ae359b0001a9,CLDX,Twitterworks,169.19,379.18,493.57,565614900
624b1fc9fc13ae359b0001aa,WYIG,Plambee,524.67,24.85,888.09,772638733
624b1fc9fc13ae359b0001ab,MCEF,Devify,476.26,508.61,160.97,813690485
624b1fc9fc13ae359b0001ac,ACRE,Blogpad,328.72,263.78,987.35,290881741
624b1fc9fc13ae359b0001ad,AMG,Oyoba,553.29,138.51,854.19,116746667
624b1fc9fc13ae359b0001ae,AGYS,Buzzster,235.4,220.68,164.03,879456547
624b1fc9fc13ae359b0001af,MEDP,Twitterworks,326.22,485.64,180.15,387561668
624b1fc9fc13ae359b0001b0,MTGEP,Dabvine,755.28,495.67,529.65,158343922
624b1fc9fc13ae359b0001b1,HOPE,Demimbu,98.6,738.86,868.77,484825148
624b1fc9fc13ae359b0001b2,PDCE,Zoombox,8.19,881.37,402,816130793
624b1fc9fc13ae359b0001b3,COST,Skippad,276.01,508.37,518.24,422197368
624b1fc9fc13ae359b0001b4,DYNT,Avavee,789.01,47.37,716.77,500575059
624b1fc9fc13ae359b0001b5,STAR^E,Oloo,93.19,533.8,125.49,603323624
624b1fc9fc13ae359b0001b6,EVOL,Leenti,885.59,390.72,556.29,720076862
624b1fc9fc13ae359b0001b7,UVV,Plajo,533.04,857.83,266.17,350319505
624b1fc9fc13ae359b0001b8,ATU,Mita,681.1,403.85,582.1,125251439
624b1fc9fc13ae359b0001b9,NMR,Oyondu,224.49,62.87,476.54,678295343
624b1fc9fc13ae359b0001ba,ARII,Eazzy,589.05,771.62,674.87,873347463
624b1fc9fc13ae359b0001bb,CFA,Brainverse,476.7,804.14,837.34,810136168
624b1fc9fc13ae359b0001bc,HL,Eare,32.46,417.93,707.41,162673924
624b1fc9fc13ae359b0001bd,PUB,Browsezoom,118.6,192.42,951.16,312654879
624b1fc9fc13ae359b0001be,CHH,Edgewire,53.75,665.5,555.62,606135580
624b1fc9fc13ae359b0001bf,AZUL,Skynoodle,3.49,71.48,97.35,854860603
624b1fc9fc13ae359b0001c0,ASPS,Realbridge,91.47,143.51,452.51,555353411
624b1fc9fc13ae359b0001c1,HGH,Topiczoom,516.15,11.04,339.51,469448537
624b1fc9fc13ae359b0001c2,BBD,Topdrive,965.4,86.38,984.29,552610069
624b1fc9fc13ae359b0001c3,TANNL,Divape,118.57,291.44,517.12,480264246
624b1fc9fc13ae359b0001c4,KMPH,Yodel,486,151.4,785.71,243652209
624b1fc9fc13ae359b0001c5,CBMXW,Jazzy,628.57,958.54,257.84,79821215
624b1fc9fc13ae359b0001c6,CNDT,Eamia,459.4,917.59,971.96,923032691
624b1fc9fc13ae359b0001c7,FUN,Flipstorm,661.77,609.94,372.19,784853808
624b1fc9fc13ae359b0001c8,WY,Ooba,535.36,177.8,688.19,173748545
624b1fc9fc13ae359b0001c9,FE,Jabbercube,406.94,495.19,474.24,92402658
624b1fc9fc13ae359b0001ca,JAKK,Gevee,949.89,253.12,392.11,339344099
624b1fc9fc13ae359b0001cb,TELL,Kwilith,322.14,967.49,237.82,329890296
624b1fc9fc13ae359b0001cc,CMRE^C,Ntag,568.95,765.1,704.03,188622274
624b1fc9fc13ae359b0001cd,CIZN,Zoomdog,692,478.66,695.98,782081501
624b1fc9fc13ae359b0001ce,LMOS,Ozu,61.09,765.77,713.39,472150585
624b1fc9fc13ae359b0001cf,CNTF,Kwimbee,882.91,29.04,370.31,930338865
624b1fc9fc13ae359b0001d0,RDY,Thoughtstorm,385.02,800.99,325.64,581652850
624b1fc9fc13ae359b0001d1,FTFT,Browsebug,691.54,621.94,226.24,334251797
624b1fc9fc13ae359b0001d2,ESS,Twitterbeat,181.93,874.23,501.08,378531520
624b1fc9fc13ae359b0001d3,RNVA,Devcast,288.6,838.9,363.57,865860054
624b1fc9fc13ae359b0001d4,CZWI,Avamba,487.86,575.65,457.19,832705002
624b1fc9fc13ae359b0001d5,STNG,Fliptune,959.32,737.93,788.26,756378628
624b1fc9fc13ae359b0001d6,TRIL,Quire,521.01,153.56,780.95,257381485
624b1fc9fc13ae359b0001d7,TTF,Tambee,164.68,726.52,714.38,291083917
624b1fc9fc13ae359b0001d8,CBMX,Voolia,6,124.9,394.06,663391519
624b1fc9fc13ae359b0001d9,GPT^A,Edgepulse,120.27,35.73,144.05,373574022
624b1fc9fc13ae359b0001da,EARS,Thoughtmix,855.1,559.23,62.34,578794469
624b1fc9fc13ae359b0001db,CNFR,Janyx,291.36,802.46,120.97,87434603
624b1fc9fc13ae359b0001dc,AUY,Talane,566.75,234.37,940.28,254253727
624b1fc9fc13ae359b0001dd,APF,Youbridge,474.82,340.88,680.81,50800697
624b1fc9fc13ae359b0001de,TUES,Tagpad,884.78,68.34,495.02,407261899
624b1fc9fc13ae359b0001df,UAN,Dabshots,77.82,904.34,72.67,365765194
624b1fc9fc13ae359b0001e0,WAAS,Zava,411.99,927.35,711.59,2113320
624b1fc9fc13ae359b0001e1,DO,Leenti,814.73,257.68,684.19,721042938
624b1fc9fc13ae359b0001e2,RARX,Nlounge,791.62,563.28,55.6,71937506
624b1fc9fc13ae359b0001e3,THC,Flipbug,705,244.56,38.3,25929522
624b1fc9fc13ae359b0001e4,PPR,Zoombeat,635.97,601.4,322.6,476811150
624b1fc9fc13ae359b0001e5,SBOT,Tagfeed,147.87,738.63,707.08,70158375
624b1fc9fc13ae359b0001e6,ULTI,Tambee,832.83,170.84,607.08,995989513
624b1fc9fc13ae359b0001e7,MCN,Blogspan,661.66,142.16,787.32,173905521
624b1fc9fc13ae359b0001e8,OFED,Meembee,804.85,282.33,866.44,571408002
624b1fc9fc13ae359b0001e9,NEON,Browsetype,793.42,968.49,756.81,728841775
624b1fc9fc13ae359b0001ea,BME,Mita,709.7,581.26,151.08,332191629
624b1fc9fc13ae359b0001eb,EXLS,Teklist,177.75,281.14,957.72,671990477
624b1fc9fc13ae359b0001ec,HQY,Yakijo,709.66,978.12,385.06,409430957
624b1fc9fc13ae359b0001ed,PEGA,Thoughtmix,722.97,665.44,117.62,408294671
624b1fc9fc13ae359b0001ee,AGNCP,Twitterbridge,190.42,698.22,17.23,820909420
624b1fc9fc13ae359b0001ef,PETS,Oyoba,276.66,524.31,284.85,219942580
624b1fc9fc13ae359b0001f0,DCI,Skinte,305.98,720.93,606.81,698727941
624b1fc9fc13ae359b0001f1,POWI,Jetwire,188.75,203.17,679.24,563262816
624b1fc9fc13ae359b0001f2,CYBE,Twinder,392.85,731.98,252.67,7299183
624b1fc9fc13ae359b0001f3,GLUU,Jayo,634.64,97.58,960.79,138930899
624b1fc9fc13ae359b0001f4,WPRT,Thoughtstorm,320.94,12.09,325.39,689495832
624b1fc9fc13ae359b0001f5,VCRA,Viva,403.78,530.2,589.79,684927685
624b1fc9fc13ae359b0001f6,CMRE^D,Dabvine,860.87,803.4,373.37,538229589
624b1fc9fc13ae359b0001f7,MNTA,Leexo,560.92,272.06,222.46,857567766
624b1fc9fc13ae359b0001f8,CLAC,Feednation,155.34,716.66,890.67,846584801
624b1fc9fc13ae359b0001f9,OAKS,Quamba,182.36,376.4,922.86,340382026
624b1fc9fc13ae359b0001fa,USAC,Topicblab,828.27,273.73,224.3,763227135
624b1fc9fc13ae359b0001fb,CLCT,Feedfire,934.96,640.65,331.78,541023975
624b1fc9fc13ae359b0001fc,FI,Skipstorm,562.76,293.14,834.23,575147812
624b1fc9fc13ae359b0001fd,SLMBP,Pixonyx,333.6,254.33,377.96,208059708
624b1fc9fc13ae359b0001fe,SYPR,Zoozzy,325.65,347.28,288.98,170786932
624b1fc9fc13ae359b0001ff,TIL,Rhyloo,809.68,926.84,930.22,646183030
624b1fc9fc13ae359b000200,TDIV,Thoughtsphere,647.83,860.55,913.51,593026575
624b1fc9fc13ae359b000201,IEX,Edgepulse,451.14,516.38,474.41,163435557
624b1fc9fc13ae359b000202,WTS,Yamia,458.26,349.75,242.49,742931001
624b1fc9fc13ae359b000203,RARX,Roodel,591.83,345.55,681.78,566553442
624b1fc9fc13ae359b000204,VPG,Zava,55.06,97.97,908.95,155457831
624b1fc9fc13ae359b000205,HONE,Skipfire,88.88,49.03,789.48,191957946
624b1fc9fc13ae359b000206,KED,Tazz,445.26,828.97,19.15,174019476
624b1fc9fc13ae359b000207,SYNC,Quatz,782.56,518.07,873.45,834072734
624b1fc9fc13ae359b000208,CLWT,Katz,165.36,261.86,963.2,138680542
624b1fc9fc13ae359b000209,INTG,Tagtune,236.52,896.56,998.9,192637773
624b1fc9fc13ae359b00020a,IBTX,Eayo,845.62,59.94,614.03,105932706
624b1fc9fc13ae359b00020b,FLDM,Avamba,950.75,174.83,968.67,984499141
624b1fc9fc13ae359b00020c,NVGS,Buzzster,708.33,704.76,978.94,909012427
624b1fc9fc13ae359b00020d,TRNO^A.CL,Quatz,838.64,40.5,125.84,172730306
624b1fc9fc13ae359b00020e,PEI^B,Quimba,289.26,772.46,145.38,429613458
624b1fc9fc13ae359b00020f,GLRE,Zava,756.9,927.65,156.08,839195526
624b1fc9fc13ae359b000210,RFT,Bubblemix,679.72,638.13,181.04,585652150
624b1fc9fc13ae359b000211,SA,Thoughtbridge,61.97,670.12,738.17,70289406
624b1fc9fc13ae359b000212,APOPW,Livepath,459.54,366.75,789.62,245640520
624b1fc9fc13ae359b000213,MYOV,Tagopia,698.84,648.25,28.79,604342007
624b1fc9fc13ae359b000214,UE,Twinder,914.23,59.78,904.22,200267972
624b1fc9fc13ae359b000215,IBKCO,Avavee,684.29,777.93,803.47,150632862
624b1fc9fc13ae359b000216,PRGO,Wikibox,989.77,64.12,974.93,215009963
624b1fc9fc13ae359b000217,CHDN,Youspan,529.69,780.23,139.12,468538869
624b1fc9fc13ae359b000218,TSQ,Tagpad,443.86,895.3,519.12,672108780
624b1fc9fc13ae359b000219,HTBK,Meeveo,677.69,219.31,350.31,86350538
624b1fc9fc13ae359b00021a,VER,Myworks,417.12,908.45,654.32,827341556
624b1fc9fc13ae359b00021b,MKTX,Kare,635.18,440.57,958.35,156804664
624b1fc9fc13ae359b00021c,PAGP,Agivu,918.37,301.63,982.17,656566896
624b1fc9fc13ae359b00021d,PBIP,Ntags,400.67,656.34,795.44,410796794
624b1fc9fc13ae359b00021e,C^N,Tambee,294.76,881.06,841.53,96446286
624b1fc9fc13ae359b00021f,IPDN,Eare,382.56,353.93,422.53,940087791
624b1fc9fc13ae359b000220,CIA,Feedfire,482.66,529.4,597.94,380937803
624b1fc9fc13ae359b000221,OIIM,Mybuzz,955.31,341.32,199.69,365855581
624b1fc9fc13ae359b000222,KMPH,Divape,600.08,261.33,269.23,320794609
624b1fc9fc13ae359b000223,SOI,Oyoloo,549.83,771.83,723.22,101589569
624b1fc9fc13ae359b000224,OHI,Devpoint,773.05,44.86,207.64,374339616
624b1fc9fc13ae359b000225,FCA,Midel,29.72,524.47,188.61,164842687
624b1fc9fc13ae359b000226,XOXO,Topicshots,740.92,801.97,322.06,501972403
624b1fc9fc13ae359b000227,COF^D,Kwideo,849.26,29.2,970.94,559607540
624b1fc9fc13ae359b000228,CVE,Quinu,608.74,507.42,417.4,15497326
624b1fc9fc13ae359b000229,FULLL,Abata,879.98,375.85,805.22,764074683
624b1fc9fc13ae359b00022a,INWK,Feednation,126,621.69,41.55,975620324
624b1fc9fc13ae359b00022b,RVLT,Youfeed,407.1,358.76,821.37,849615228
624b1fc9fc13ae359b00022c,CNTY,Browsebug,270.94,151.37,517.85,998935279
624b1fc9fc13ae359b00022d,KTCC,Trupe,572.41,649.3,722.14,500059528
624b1fc9fc13ae359b00022e,TYG,Blogtag,705.18,158.24,62.45,574810529
624b1fc9fc13ae359b00022f,PAAS,Plambee,545.95,499.28,30.12,592715809
624b1fc9fc13ae359b000230,DUK,Yambee,739.65,388.3,928.64,595971019
624b1fc9fc13ae359b000231,FWRD,Ainyx,406.34,791.26,470.29,510468309
624b1fc9fc13ae359b000232,SPAR,Shuffledrive,495.86,425.2,818.02,418031080
624b1fc9fc13ae359b000233,FELE,Photobug,523.91,621.64,194.48,36204901
624b1fc9fc13ae359b000234,AMH,Topdrive,825.17,607.43,894.75,547765291
624b1fc9fc13ae359b000235,BW,Blogspan,774.75,604.5,715.71,632836156
624b1fc9fc13ae359b000236,CENTA,Meejo,265.29,161.95,435.79,565609013
624b1fc9fc13ae359b000237,GRP.U,Janyx,808.66,951.73,417.69,679436319
624b1fc9fc13ae359b000238,SUMR,Ntag,929.3,53.01,956.3,585549582
624b1fc9fc13ae359b000239,FFBC,Topicware,127.23,939.03,567.04,246483678
624b1fc9fc13ae359b00023a,IRS,Divavu,693.96,429.31,240.91,160329782
624b1fc9fc13ae359b00023b,ROSE,Twitterbeat,854.05,223.75,404.69,143045519
624b1fc9fc13ae359b00023c,GILD,Oyonder,269.67,280.02,781.56,178138449
624b1fc9fc13ae359b00023d,AIF,Jetwire,97.81,410.7,240.94,493167993
624b1fc9fc13ae359b00023e,NEE,Eamia,622.51,906.58,500.96,648248081
624b1fc9fc13ae359b00023f,BFS^C,Jayo,435.32,533.33,447.94,744375425
624b1fc9fc13ae359b000240,ABEOW,Dabjam,749.77,873.02,694.48,166000843
624b1fc9fc13ae359b000241,DWFI,InnoZ,327.25,38.98,309.08,861449721
624b1fc9fc13ae359b000242,PUK^A,Topicblab,39.69,502.72,999.3,897809249
624b1fc9fc13ae359b000243,GALT,Realbuzz,433.78,165.91,551.52,868609935
624b1fc9fc13ae359b000244,TMK,Oyonder,259.33,800.11,601.5,592240712
624b1fc9fc13ae359b000245,AMSWA,Riffwire,49.48,53.19,819.9,935797132
624b1fc9fc13ae359b000246,ABM,Twimbo,514.92,679.78,13.26,733304838
624b1fc9fc13ae359b000247,AXS^E,Realbuzz,276.35,153.23,257.1,728547666
624b1fc9fc13ae359b000248,LBIX,Brightbean,953.42,835.19,345.21,419846432
624b1fc9fc13ae359b000249,HD,Rooxo,538.09,615.41,518.39,468228972
624b1fc9fc13ae359b00024a,CVEO,Skimia,720.13,471.16,50.75,204111267
624b1fc9fc13ae359b00024b,GOV,Quatz,206.35,320.61,747.09,221161296
624b1fc9fc13ae359b00024c,KATE,Buzzster,648.23,754.93,515,603428090
624b1fc9fc13ae359b00024d,EGLT,Jatri,654.74,781.56,710.14,535347831
624b1fc9fc13ae359b00024e,WRE,JumpXS,37.21,371.14,552.74,851684573
624b1fc9fc13ae359b00024f,UHAL,Oloo,832.04,707.07,134.99,832946561
624b1fc9fc13ae359b000250,TNC,Vimbo,215.27,854.59,308.82,307443101
624b1fc9fc13ae359b000251,CNAT,Rhynoodle,318.49,984.21,308.31,271834671
624b1fc9fc13ae359b000252,COTY,Vinte,748.4,148.32,599.24,672988952
624b1fc9fc13ae359b000253,PNTR,Katz,165.23,666.52,407.44,618202465
624b1fc9fc13ae359b000254,GURE,Eimbee,935.29,615.85,128.94,320099333
624b1fc9fc13ae359b000255,SASR,Omba,276.66,867.74,981.02,969933358
624b1fc9fc13ae359b000256,CMCSA,Realblab,12.04,661.25,65.49,686881700
624b1fc9fc13ae359b000257,CCBG,Innotype,198.28,926.76,249.71,804540435
624b1fc9fc13ae359b000258,ATAI,Tagchat,866.03,614.84,760.13,537181231
624b1fc9fc13ae359b000259,GJP,Aimbo,947.52,666.04,229.84,710636904
624b1fc9fc13ae359b00025a,ADOM,JumpXS,26.01,260.04,603.74,654001089
624b1fc9fc13ae359b00025b,NTGR,Riffpedia,869.85,715.77,127.7,911745516
624b1fc9fc13ae359b00025c,THLD,Trupe,190.37,547.63,26.07,77108278
624b1fc9fc13ae359b00025d,PRSS,Twimbo,257.41,479.89,44.26,760295119
624b1fc9fc13ae359b00025e,JBT,Yakitri,62.04,30.57,63.51,593885665
624b1fc9fc13ae359b00025f,MN,Kwimbee,741.65,12.88,968.48,668365224
624b1fc9fc13ae359b000260,EDGE,Edgetag,549.61,380.22,75.37,295767845
624b1fc9fc13ae359b000261,PAYX,Zoovu,135.61,836.02,40.21,853803738
624b1fc9fc13ae359b000262,UNP,Aimbo,816.79,954.69,940.93,134512817
624b1fc9fc13ae359b000263,BRK.B,Abata,31.04,227.15,330.89,173331231
624b1fc9fc13ae359b000264,EIG,Tazzy,615.61,465.51,490.23,163414947
624b1fc9fc13ae359b000265,AGIIL,Teklist,146.46,11.45,798.77,151278933
624b1fc9fc13ae359b000266,TEN,Avaveo,384.7,339.29,376.33,122417650
624b1fc9fc13ae359b000267,CNXC,Youbridge,858.17,412.48,19.26,768024306
624b1fc9fc13ae359b000268,ALSK,Zoombeat,78.2,651.71,438.68,416074505
624b1fc9fc13ae359b000269,FATE,Yombu,935.3,420.88,648.49,301548565
624b1fc9fc13ae359b00026a,ATVI,Yamia,563.17,330.4,208.04,535539472
624b1fc9fc13ae359b00026b,ARCC,Trilia,250.8,83.57,80.65,697584278
624b1fc9fc13ae359b00026c,REXR^A,Oyope,564.02,42.93,82.96,320643833
624b1fc9fc13ae359b00026d,HSBC,Zoomcast,398.06,737.97,538.67,977180276
624b1fc9fc13ae359b00026e,EVSTC,Realcube,851.28,732.37,156.6,649595873
624b1fc9fc13ae359b00026f,APOP,LiveZ,827.64,510.14,755.3,975769171
624b1fc9fc13ae359b000270,BBT^H,Dynabox,802.83,457.5,821.2,797660418
624b1fc9fc13ae359b000271,P,Jaxworks,965.98,927.23,525.3,160809959
624b1fc9fc13ae359b000272,WGP,Youspan,814.03,47.31,751.64,990513222
624b1fc9fc13ae359b000273,IART,Twinder,742.75,485.19,609.83,921999617
624b1fc9fc13ae359b000274,KE,Kazu,278.83,569.23,677.54,242756611
624b1fc9fc13ae359b000275,SUNW,Fivechat,345.42,573.98,321.87,55205927
624b1fc9fc13ae359b000276,TCMD,Shufflebeat,548.54,768.57,58.13,448693670
624b1fc9fc13ae359b000277,JSM,Babbleblab,498.11,195.23,828.54,224357713
624b1fc9fc13ae359b000278,TRCO,Meemm,293.46,229.33,769.6,966231805
624b1fc9fc13ae359b000279,NBLX,Eamia,581.42,791.71,435.19,370158046
624b1fc9fc13ae359b00027a,SXC,Realblab,174.21,988.16,671.14,573127438
624b1fc9fc13ae359b00027b,VSTO,Mynte,843.47,185.89,46.04,679871399
624b1fc9fc13ae359b00027c,RFTA,Tazz,30.78,906.37,110.56,721367540
624b1fc9fc13ae359b00027d,KNSL,Kwinu,78.97,225.98,521.29,349208562
624b1fc9fc13ae359b00027e,FHK,Katz,315.86,679.08,292.79,942911654
624b1fc9fc13ae359b00027f,OEC,Edgepulse,449.5,799.63,68.42,464516122
624b1fc9fc13ae359b000280,MORN,Quire,123.14,742.32,700.5,626913776
624b1fc9fc13ae359b000281,LTM,Gevee,82.69,972.21,790.04,350352160
624b1fc9fc13ae359b000282,CYS,Mynte,239.82,511.14,113.17,701319861
624b1fc9fc13ae359b000283,TDW,Feedbug,508.82,207.42,507.78,98549747
624b1fc9fc13ae359b000284,SCHW^D,Oloo,100.13,306.11,431.27,706059698
624b1fc9fc13ae359b000285,CTRE,Brainverse,629.02,887.74,882.84,553395623
624b1fc9fc13ae359b000286,LPNT,Jayo,126.15,269.25,750.96,653956587
624b1fc9fc13ae359b000287,QQEW,Youtags,233.29,972.77,128.21,451310340
624b1fc9fc13ae359b000288,TOO^A,Oyondu,927.5,688.76,467.67,846913358
624b1fc9fc13ae359b000289,SAB,Feedspan,441.82,77.94,395.81,46253727
624b1fc9fc13ae359b00028a,PBSK,Edgepulse,745.31,72.33,471.91,16895326
624b1fc9fc13ae359b00028b,SLRC,Livetube,866.74,1.32,939.22,460959474
624b1fc9fc13ae359b00028c,TRNO,Avaveo,831.55,584.47,207.87,562595934
624b1fc9fc13ae359b00028d,PEI^A,Bubblebox,624.37,951.2,982.6,511682276
624b1fc9fc13ae359b00028e,PID,Tazzy,773.18,236.07,583.16,146633241
624b1fc9fc13ae359b00028f,ACFC,Skibox,163.33,788.32,962.11,495528845
624b1fc9fc13ae359b000290,CWBC,Thoughtblab,876.76,963.9,845.01,771415902
624b1fc9fc13ae359b000291,QRVO,Quaxo,517.79,947.25,287.56,374018627
624b1fc9fc13ae359b000292,FLXS,Feedfire,5.97,837.88,366.83,394188296
624b1fc9fc13ae359b000293,NSR,Realbuzz,120.19,598.62,385.55,288665140
624b1fc9fc13ae359b000294,CLNS^C,Photobean,824.63,401.53,747.43,449315410
624b1fc9fc13ae359b000295,EYESW,Thoughtmix,83.71,549.24,897.11,250789955
624b1fc9fc13ae359b000296,CCJ,Thoughtstorm,738.55,152.61,176.92,314103277
624b1fc9fc13ae359b000297,ENLK,Oba,848.16,356.66,195.35,443631878
624b1fc9fc13ae359b000298,NPV,Youbridge,906.42,714.28,711.28,184189166
624b1fc9fc13ae359b000299,TFX,Jabbersphere,618.86,571.66,998.8,362884737
624b1fc9fc13ae359b00029a,NVFY,Npath,211.5,944.66,591.05,138770836
624b1fc9fc13ae359b00029b,INPX,Blognation,157.28,605.43,338.28,480172512
624b1fc9fc13ae359b00029c,PLD,Geba,97.34,759.1,697.27,872779030
624b1fc9fc13ae359b00029d,MCRI,Voolia,204.88,786.64,39.38,267467536
624b1fc9fc13ae359b00029e,RDC,Eimbee,749.96,122.08,849.71,148064534
624b1fc9fc13ae359b00029f,TSNU,Yodel,766.9,102.17,530.42,488580182
624b1fc9fc13ae359b0002a0,OHGI,Realmix,116.04,775.69,527.82,139306313
624b1fc9fc13ae359b0002a1,GALT,Avaveo,587.83,744.65,967.23,20850790
624b1fc9fc13ae359b0002a2,DCI,Camido,14,898.51,109.86,181770765
624b1fc9fc13ae359b0002a3,FCF,Latz,784.53,733.96,725.25,54844053
624b1fc9fc13ae359b0002a4,RGLD,Pixope,779.9,912.58,960.3,17397482
624b1fc9fc13ae359b0002a5,DSX,Roomm,494.41,716.07,22.39,944177230
624b1fc9fc13ae359b0002a6,KMX,Skippad,919.64,886.91,236.79,731342044
624b1fc9fc13ae359b0002a7,CRUS,Oodoo,31.51,301.23,163.19,838247642
624b1fc9fc13ae359b0002a8,LECO,Agimba,545.78,538.54,946.16,650803114
624b1fc9fc13ae359b0002a9,FNHC,Skiptube,896.61,702.62,68.61,853489557
624b1fc9fc13ae359b0002aa,EZT,Photofeed,393.1,608.34,464.58,492710747
624b1fc9fc13ae359b0002ab,ORMP,Jaxspan,240.6,991.86,995.04,34835729
624b1fc9fc13ae359b0002ac,CINF,Centimia,664.08,896.3,851.26,145543005
624b1fc9fc13ae359b0002ad,BRS,Mymm,427.21,233.92,252.76,91548695
624b1fc9fc13ae359b0002ae,YPF,Devify,888.34,852.63,762.99,319500857
624b1fc9fc13ae359b0002af,WAT,Digitube,637.64,731.59,274.01,888392876
624b1fc9fc13ae359b0002b0,CSGS,Twitternation,882.69,981.63,702.81,803844531
624b1fc9fc13ae359b0002b1,SMFG,Buzzdog,488.79,190.05,899.9,763377140
624b1fc9fc13ae359b0002b2,E,Jetwire,595.35,769.42,338.78,805775931
624b1fc9fc13ae359b0002b3,NVUS,Midel,123.57,565.35,448.88,117247042
624b1fc9fc13ae359b0002b4,CLMT,Youtags,148.61,738.97,693.75,273237084
624b1fc9fc13ae359b0002b5,OPK,Voonte,927.05,519.41,220.77,879148107
624b1fc9fc13ae359b0002b6,EPC,Babblestorm,545,575.93,834.5,761941459
624b1fc9fc13ae359b0002b7,AVDL,Mydeo,339.74,869.63,391.88,613235412
624b1fc9fc13ae359b0002b8,GLOP,Dynava,445.82,557.05,701.37,625112966
624b1fc9fc13ae359b0002b9,NYLD.A,Blogspan,836.29,389.08,732.28,628354903
624b1fc9fc13ae359b0002ba,GM,Wordware,645.57,562.16,684.28,836098838
624b1fc9fc13ae359b0002bb,NEU,Zoombox,744.37,449.75,939.44,730024029
624b1fc9fc13ae359b0002bc,CELG,Gabvine,543.06,744.92,569.43,638899989
624b1fc9fc13ae359b0002bd,SLP,Meeveo,656.18,135.31,886.85,716750793
624b1fc9fc13ae359b0002be,SALM,Browsebug,805.44,644.21,610.46,994875849
624b1fc9fc13ae359b0002bf,APAM,Shufflester,929.1,195.62,110.44,822088862
624b1fc9fc13ae359b0002c0,DERM,Reallinks,3.24,155.77,767.94,719098444
624b1fc9fc13ae359b0002c1,CMRE,Dabfeed,533.17,375.04,474.38,335791585
624b1fc9fc13ae359b0002c2,GTYHW,Youspan,533.61,562.58,735.15,51606174
624b1fc9fc13ae359b0002c3,FRT,Vinte,747.47,912.97,115.36,775011519
624b1fc9fc13ae359b0002c4,PSA^U,Avamm,875.14,842.06,521.05,982521569
624b1fc9fc13ae359b0002c5,NEPT,Skalith,527.39,237.94,701.49,894548135
624b1fc9fc13ae359b0002c6,CNX,Yoveo,924.22,247.9,435.89,135445517
624b1fc9fc13ae359b0002c7,CCO,Shuffledrive,20.77,318.58,792.12,469070420
624b1fc9fc13ae359b0002c8,EVHC^,Eimbee,941.02,512.82,620.82,558660858
624b1fc9fc13ae359b0002c9,BOLD,Devshare,716.5,58.13,246.97,626581716
624b1fc9fc13ae359b0002ca,NWS,Cogidoo,78.39,626.46,470.04,92126309
624b1fc9fc13ae359b0002cb,GJP,Browsedrive,494.24,683.06,664.04,667567836
624b1fc9fc13ae359b0002cc,TCO^J,Oloo,707.84,555.86,645.72,517752620
624b1fc9fc13ae359b0002cd,BIOS,Thoughtbridge,35.02,613.2,555.98,952615447
624b1fc9fc13ae359b0002ce,RGEN,Avamba,600.98,303.87,9.26,68125719
624b1fc9fc13ae359b0002cf,CBSHP,Tagfeed,906.01,617.54,120.75,663743801
624b1fc9fc13ae359b0002d0,GEF,Divape,15.7,885.78,136.81,588224800
624b1fc9fc13ae359b0002d1,LCAHW,Edgetag,857.56,812.71,835.75,254975216
624b1fc9fc13ae359b0002d2,AZZ,Pixope,161.53,181.09,153.53,854563042
624b1fc9fc13ae359b0002d3,BSD,Skiptube,696.54,270.16,249.37,957969428
624b1fc9fc13ae359b0002d4,STT^E,Latz,596.2,243,22.92,137511306
624b1fc9fc13ae359b0002d5,RVLT,Quire,442.95,704.55,395.68,221796421
624b1fc9fc13ae359b0002d6,ZEN,Zava,12.45,671.94,830.47,569820011
624b1fc9fc13ae359b0002d7,STAG^C,Fadeo,404.07,447.09,902.88,814563688
624b1fc9fc13ae359b0002d8,BVXV,Vinder,19.75,65.32,761,368627437
624b1fc9fc13ae359b0002d9,DGLT,Pixonyx,947.94,716.98,825.2,650025865
624b1fc9fc13ae359b0002da,CDZI,Browsetype,363.66,416.38,971.27,127252614
624b1fc9fc13ae359b0002db,BFIN,Feedspan,224.42,589.35,499.86,917677210
624b1fc9fc13ae359b0002dc,GNW,Quamba,906.85,29.71,947.63,373016630
624b1fc9fc13ae359b0002dd,NLY,Skynoodle,839.03,565.6,900.9,717279039
624b1fc9fc13ae359b0002de,TRN,Rooxo,892.57,667.01,287.51,887595075
624b1fc9fc13ae359b0002df,RLI,Vinder,675.29,48.22,41.92,780494708
624b1fc9fc13ae359b0002e0,IMAX,Realpoint,186.55,787.53,823.69,293060764
624b1fc9fc13ae359b0002e1,CAPL,Jamia,460.79,706.43,586.04,467063234
624b1fcafc13ae359b0002e2,SZC,Skibox,545.6,482.59,704.75,761933655
624b1fcafc13ae359b0002e3,FTSM,Snaptags,540.43,381.52,138.74,433407958
624b1fcafc13ae359b0002e4,DLNG,Babblestorm,36.36,212.28,447.21,161217102
624b1fcafc13ae359b0002e5,RBS^S,Eayo,496.25,254.86,8.63,437484633
624b1fcafc13ae359b0002e6,FSTR,Youbridge,52.43,538.14,221.17,955367111
624b1fcafc13ae359b0002e7,EBIX,Voonder,973.1,504.55,5.35,311721368
624b1fcafc13ae359b0002e8,VEON,Skimia,940.89,993.12,912.13,433182645
624b1fcafc13ae359b0002e9,SSW^E,Thoughtbridge,405.08,343.38,507.22,799194296
624b1fcafc13ae359b0002ea,KMM,Yoveo,382.95,757.33,870.21,678317522
624b1fcafc13ae359b0002eb,KYN,Innojam,237.9,349.69,603.31,473766808
624b1fcafc13ae359b0002ec,MCEP,Topdrive,477.58,936.46,739.32,674451672
624b1fcafc13ae359b0002ed,KWEB,Edgetag,943.11,569.51,443.76,733602843
624b1fcafc13ae359b0002ee,OA,Jatri,528.85,519.1,913.82,678258441
624b1fcafc13ae359b0002ef,ASMB,Skyndu,799.5,300.44,736.84,95304287
624b1fcafc13ae359b0002f0,LXP,Gigashots,683.78,300.87,968.61,17019310
624b1fcafc13ae359b0002f1,THGA,Skimia,682.05,191.91,701.28,715099881
624b1fcafc13ae359b0002f2,ETH,Pixope,402.44,864.67,189.39,921836974
624b1fcafc13ae359b0002f3,TILE,Fivespan,851.48,753.12,93.69,114074357
624b1fcafc13ae359b0002f4,NVCN,Skibox,125.19,394.26,342.93,469313072
624b1fcafc13ae359b0002f5,LYTS,Browsetype,903.84,272.07,308.12,956411174
624b1fcafc13ae359b0002f6,EGHT,Quatz,699.12,64.4,807.59,374317180
624b1fcafc13ae359b0002f7,TBNK,Kwilith,283.92,854.83,739.02,679200397
624b1fcafc13ae359b0002f8,SAJA,Digitube,551.11,909.02,606.43,484283727
624b1fcafc13ae359b0002f9,SHLO,Devpoint,208.41,751.17,534.9,245915390
624b1fcafc13ae359b0002fa,PANL,Agivu,658.04,186.13,907.38,376703789
624b1fcafc13ae359b0002fb,DCI,Omba,475.17,155.11,516.88,911014033
624b1fcafc13ae359b0002fc,AIRT,Mydeo,282.4,478.45,234.48,980209443
624b1fcafc13ae359b0002fd,LXU,Roodel,219.27,920.2,852.79,641215757
624b1fcafc13ae359b0002fe,CONE,Wordify,416.24,527.23,970.27,718489249
624b1fcafc13ae359b0002ff,GKOS,Devify,580.36,125.6,277.17,393590928
624b1fcafc13ae359b000300,TRPX,Roodel,668.39,901.48,916.06,994022163
624b1fcafc13ae359b000301,CTRL,Shufflester,829.36,295.56,208.38,579292691
624b1fcafc13ae359b000302,BEBE,Devify,778.21,569.38,909,711687939
624b1fcafc13ae359b000303,ZOES,Jaloo,571.15,546.66,368.35,192772147
624b1fcafc13ae359b000304,CPIX,Innojam,554.09,865.83,665.02,285733174
624b1fcafc13ae359b000305,LFUS,BlogXS,518.49,758.49,712.05,605487266
624b1fcafc13ae359b000306,DFT^C,Wikivu,896.3,447.16,5.73,975854835
624b1fcafc13ae359b000307,IAG,Gabtune,321.67,574.04,393.03,127649816
624b1fcafc13ae359b000308,CBG,Rooxo,291.53,534.61,754.35,487877771
624b1fcafc13ae359b000309,BAX,Twinte,635.99,952.31,673.57,920199377
624b1fcafc13ae359b00030a,WRB^C,Trudeo,577.05,123.58,241.46,716736985
624b1fcafc13ae359b00030b,SYPR,Mycat,358.02,557.77,553.04,138913460
624b1fcafc13ae359b00030c,MOTAW,Quatz,983.11,668.05,232.91,26768360
624b1fcafc13ae359b00030d,MLHR,Yadel,529.05,155.54,926.16,325020761
624b1fcafc13ae359b00030e,CX,Youbridge,494.61,688.18,128.11,351926808
624b1fcafc13ae359b00030f,AVA,Jaxbean,325.56,149.3,27.55,981111658
624b1fcafc13ae359b000310,WDC,Katz,37.12,64,705.77,148617946
624b1fcafc13ae359b000311,JJSF,Youtags,115.66,593.18,383.4,14366310
624b1fcafc13ae359b000312,GCV,Fivechat,330.5,763.96,763.5,827096793
624b1fcafc13ae359b000313,LINDW,Demimbu,950.01,123.41,266.96,924381570
624b1fcafc13ae359b000314,WBS,Bluejam,397.33,764.27,632.52,404023809
624b1fcafc13ae359b000315,EGT,Edgeblab,547.89,522.42,947.49,629595131
624b1fcafc13ae359b000316,QNST,Linkbridge,46.64,92.03,965.81,583732683
624b1fcafc13ae359b000317,OMAA,Meevee,797.21,703.82,222.6,956312134
624b1fcafc13ae359b000318,BST,Katz,769.57,858.92,669.9,851994718
624b1fcafc13ae359b000319,CBD,Realcube,719.12,821.46,738.73,162330249
624b1fcafc13ae359b00031a,IIF,Mynte,817.05,392.46,202.84,244189435
624b1fcafc13ae359b00031b,MULE,Dynava,772.59,7.92,125.94,27738475
624b1fcafc13ae359b00031c,MTFB,Zooxo,178.37,126.96,270.51,569763059
624b1fcafc13ae359b00031d,ETRM,Roombo,201.57,512.69,23.17,502129623
624b1fcafc13ae359b00031e,PID,Yoveo,121.63,939.48,842.36,472908889
624b1fcafc13ae359b00031f,CINF,Avamba,697.38,637.33,211.77,887777279
624b1fcafc13ae359b000320,UTF,Centidel,928.26,62.36,797.66,536682328
624b1fcafc13ae359b000321,LILA,Riffpath,545.51,449.52,585.84,48301134
624b1fcafc13ae359b000322,ASH,Browseblab,524.34,568.67,545.79,555906611
624b1fcafc13ae359b000323,RFIL,Skajo,793.43,562.22,46.4,921017278
624b1fcafc13ae359b000324,APD,Skiba,911.27,102.04,165.16,378693975
624b1fcafc13ae359b000325,CSGP,Avaveo,450.47,585.95,837.47,38929923
624b1fcafc13ae359b000326,ABUS,Kimia,138.72,289.65,828.09,444973110
624b1fcafc13ae359b000327,EVOK,Jetpulse,36.14,13.13,450.82,335906044
624b1fcafc13ae359b000328,FBM,Meevee,887.66,147.9,712.19,593394996
624b1fcafc13ae359b000329,AMCN,Miboo,939.33,769.08,533.72,869567433
624b1fcafc13ae359b00032a,HSIC,Skinder,471.61,5.41,412.42,865638954
624b1fcafc13ae359b00032b,STAR^D,Feedfish,7.92,359.71,586.69,150909318
624b1fcafc13ae359b00032c,IEP,Avamba,931.57,451.14,509.68,74941253
624b1fcafc13ae359b00032d,GSIT,Dynabox,283.74,513.78,600.58,559806092
624b1fcafc13ae359b00032e,IDT,Viva,703,649.48,34.03,391680353
624b1fcafc13ae359b00032f,WFC^P,Tavu,88.39,456.93,991.09,612301958
624b1fcafc13ae359b000330,SCSC,Zoomdog,956.6,362.85,618.57,46370566
624b1fcafc13ae359b000331,TCO,Topicshots,650.2,998.63,323.82,372910847
624b1fcafc13ae359b000332,WNRL,Digitube,334.03,96.61,286.71,250593973
624b1fcafc13ae359b000333,SMCP,Tambee,635.71,878.83,874.97,309739610
624b1fcafc13ae359b000334,CERS,Tazz,795.87,186.26,62.13,688837502
624b1fcafc13ae359b000335,CCL,Fatz,248.66,197.31,675.87,338397748
624b1fcafc13ae359b000336,KOPN,Devbug,543.51,112.85,972.47,473481474
624b1fcafc13ae359b000337,CBG,Jabbersphere,131.96,247.12,669.26,825920552
624b1fcafc13ae359b000338,NC,Thoughtblab,794.05,158.99,588.78,239507054
624b1fcafc13ae359b000339,VAR,Youbridge,806.78,286.95,14.53,539050124
624b1fcafc13ae359b00033a,BJRI,Topiclounge,866.38,221.09,373.24,856759999
624b1fcafc13ae359b00033b,CUBE,Yakitri,243.89,298.33,379.41,595951709
624b1fcafc13ae359b00033c,BDXA,Blogpad,81.61,477.39,758.62,797691614
624b1fcafc13ae359b00033d,IBB,Skynoodle,878.23,1.24,491.67,230310722
624b1fcafc13ae359b00033e,UNIT,Shufflebeat,295.16,443.41,348.29,770084751
624b1fcafc13ae359b00033f,PHG,Podcat,880.33,168.32,946.15,205946531
624b1fcafc13ae359b000340,ADSW,Rhynyx,212.45,942.89,615.57,130445230
624b1fcafc13ae359b000341,AAWW,Oyoloo,587.94,744.53,471.2,296656407
624b1fcafc13ae359b000342,SSW^G,Centidel,733.39,616.02,89.46,673801760
624b1fcafc13ae359b000343,HJV,Gevee,150.09,295.84,271.74,707884425
624b1fcafc13ae359b000344,PSB^V,Flipbug,324.9,897.8,393.84,223691859
624b1fcafc13ae359b000345,SOI,Janyx,787.34,218.37,395.78,666317167
624b1fcafc13ae359b000346,STAR^I,Rhyloo,545.88,917.88,253.32,84859443
624b1fcafc13ae359b000347,NGHC,Wordtune,885.95,38.07,359.74,502391760
624b1fcafc13ae359b000348,ECC           ,Bubblemix,741.21,494.6,403.4,338021322
624b1fcafc13ae359b000349,AHL,Aimbo,556.14,370.49,60.62,807570563
624b1fcafc13ae359b00034a,VLT,Jetpulse,86.3,588.24,362.82,94131270
624b1fcafc13ae359b00034b,FEM,Meeveo,257.02,637.66,869.18,696195687
624b1fcafc13ae359b00034c,WYIG,Jabbersphere,575.63,449.03,498.21,48045713
624b1fcafc13ae359b00034d,ANFI,Topiclounge,467.21,391.88,229.88,247972257
624b1fcafc13ae359b00034e,ACRE,Shufflester,741.37,819.93,942.2,469654595
624b1fcafc13ae359b00034f,EGLT,Skaboo,309.76,231.24,218.99,662400426
624b1fcafc13ae359b000350,UMH,Jaxspan,557.31,468.22,534.84,23500697
624b1fcafc13ae359b000351,INDB,Shuffletag,308.13,256.63,911.71,896481488
624b1fcafc13ae359b000352,HBANP,Demivee,309.18,832.87,334.75,439521714
624b1fcafc13ae359b000353,NAII,Pixonyx,962.3,92.63,990.24,122761364
624b1fcafc13ae359b000354,PFBI,Gabcube,115.45,617.99,694.11,549529274
624b1fcafc13ae359b000355,EV,Cogidoo,815.95,687.04,550.47,889157205
624b1fcafc13ae359b000356,DRI,Skaboo,680.42,663.94,973.12,127672084
624b1fcafc13ae359b000357,AI,Thoughtworks,395.07,434.68,674.6,922463162
624b1fcafc13ae359b000358,NCMI,Youfeed,939.08,14.53,763.51,176287104
624b1fcafc13ae359b000359,CPAAW,Lazzy,338.35,229.74,485.01,645434534
624b1fcafc13ae359b00035a,DWAT,Pixoboo,783.08,638.8,868.61,227422670
624b1fcafc13ae359b00035b,CNOB,Digitube,105.88,861,206.56,966037680
624b1fcafc13ae359b00035c,THC,Feedbug,150.26,570.85,372.21,485749714
624b1fcafc13ae359b00035d,KSU^,Brightdog,907.3,370.87,763.24,33517234
624b1fcafc13ae359b00035e,BBT^H,Realcube,950.59,130.55,116.74,529885333
624b1fcafc13ae359b00035f,IBKCP,Mita,870.21,195.82,345.15,211388071
624b1fcafc13ae359b000360,ZIXI,Nlounge,3.93,859.37,272.34,578340536
624b1fcafc13ae359b000361,BRSS,Quinu,510.66,600.8,361.38,655527607
624b1fcafc13ae359b000362,BAC^L,Zava,643.99,756.3,671.67,260648196
624b1fcafc13ae359b000363,POPE,Quinu,445.6,473.8,992.42,845225752
624b1fcafc13ae359b000364,HK,Flipstorm,931.74,820.23,695.28,115958078
624b1fcafc13ae359b000365,AET,Skiba,60.48,511.03,425.57,1287121
624b1fcafc13ae359b000366,NVAX,Meevee,497.35,237.51,819.88,933797330
624b1fcafc13ae359b000367,ROCK,Quinu,500.2,398.98,171.12,15301595
624b1fcafc13ae359b000368,SFL,Feedmix,66.64,825.55,262.32,510801203
624b1fcafc13ae359b000369,SNOAW,Zava,978.35,398.48,698.77,520292071
624b1fcafc13ae359b00036a,AAXN,Leenti,17.61,987.6,359.93,87626332
624b1fcafc13ae359b00036b,PGTI,Cogilith,57.8,586.19,68.72,890951172
624b1fcafc13ae359b00036c,NYMTP,Twitterbeat,855.54,937.73,699.33,715285701
624b1fcafc13ae359b00036d,DRE,Dynabox,366.24,791.18,778.77,103183409
624b1fcafc13ae359b00036e,WWW,Vinte,764.46,564.84,967.35,363394351
624b1fcafc13ae359b00036f,MFINL,Zoomzone,638.13,306.22,349.63,69285844
624b1fcafc13ae359b000370,CMS,Wikizz,123.51,262.82,665.78,295377112
624b1fcafc13ae359b000371,GIII,Tagpad,585.72,720.92,862.7,770847102
624b1fcafc13ae359b000372,PACB,Trudoo,650.3,207.67,348.93,278501792
624b1fcafc13ae359b000373,CSTE,Dazzlesphere,433.37,572.48,241.15,152822360
624b1fcafc13ae359b000374,NRK,Kaymbo,478.05,590.54,310.96,377160842
624b1fcafc13ae359b000375,WF,Yakitri,490.73,183.55,876,480084564
624b1fcafc13ae359b000376,LDF,Feedmix,481.01,882.9,894.3,963439682
624b1fcafc13ae359b000377,LUNA,Chatterpoint,716.8,341.71,371.11,874552828
624b1fcafc13ae359b000378,BYD,Zoonoodle,535.09,932.8,505.54,607551357
624b1fcafc13ae359b000379,BNCL,Yamia,357.18,340.02,35.1,424115210
624b1fcafc13ae359b00037a,HOLX,Zoonoodle,713.46,196.74,154.26,322186419
624b1fcafc13ae359b00037b,CHUBK,Gabvine,639.94,746.24,546.97,403373569
624b1fcafc13ae359b00037c,FIX,Jayo,791.32,355.75,68.69,981758940
624b1fcafc13ae359b00037d,UDBI,Feedfire,842.7,372.54,486.19,563627821
624b1fcafc13ae359b00037e,HEES,Skidoo,278.64,808.71,867.46,723209275
624b1fcafc13ae359b00037f,SNMX,Bubblebox,720.49,387.03,485.81,308505616
624b1fcafc13ae359b000380,OACQU,Thoughtsphere,278.73,355.92,836.19,96585676
624b1fcafc13ae359b000381,THRM,Tagfeed,649.62,439.7,816.09,662544294
624b1fcafc13ae359b000382,YNDX,Wikizz,660.63,930.41,563.9,877617624
624b1fcafc13ae359b000383,CIL,Plajo,307.12,161.87,841.36,768488446
624b1fcafc13ae359b000384,CORE,Browsetype,554.29,828.99,158.18,824121757
624b1fcafc13ae359b000385,TCPC,Zava,553.48,263.03,635.48,966922227
624b1fcafc13ae359b000386,THG,Trunyx,145.79,511.32,471.98,592886445
624b1fcafc13ae359b000387,CWCO,Eidel,262,872.18,617.53,576808735
624b1fcafc13ae359b000388,OREX,Thoughtbridge,249.45,362.67,988.88,864660801
624b1fcafc13ae359b000389,KNL,Roomm,198.98,466.24,738.59,960571637
624b1fcafc13ae359b00038a,BCLI,Oyoloo,418.3,896.88,911.85,593914563
624b1fcafc13ae359b00038b,COLL,Avamm,62.78,689.09,818.98,19988716
624b1fcafc13ae359b00038c,TAX,Katz,915.84,409.31,920.07,304230670
624b1fcafc13ae359b00038d,OSN,Topiclounge,287.04,412.5,578.33,650319712
624b1fcafc13ae359b00038e,TOO^A,Brainbox,136.51,939.65,743.49,254081486
624b1fcafc13ae359b00038f,SPE^B,Mudo,753.22,396.06,573.05,245363180
624b1fcafc13ae359b000390,JFC,Brightdog,734.23,329.4,257.2,179108910
624b1fcafc13ae359b000391,MDGS,Thoughtbeat,442.67,644.47,876.19,347860720
624b1fcafc13ae359b000392,SAFT,Yambee,1.54,366.33,652.7,455544404
624b1fcafc13ae359b000393,STWD,Demimbu,785.62,257.36,379.94,281249396
624b1fcafc13ae359b000394,NVMI,Vinder,899.96,159.42,546.02,682081784
624b1fcafc13ae359b000395,INXN,Zazio,71.59,805.24,723.64,294702702
624b1fcafc13ae359b000396,JBR,Leenti,794.69,804.98,90.19,702889802
624b1fcafc13ae359b000397,BATRK,Thoughtbeat,144.1,184.89,693.08,986991836
624b1fcafc13ae359b000398,PXLW,Kazio,422.08,114.96,955.67,563252353
624b1fcafc13ae359b000399,CSBR,Jaxworks,759.2,292.83,323.85,57068496
624b1fcafc13ae359b00039a,ELC,Npath,228.04,931.5,347.47,47421850
624b1fcafc13ae359b00039b,BHAC,Feednation,177.53,438.03,391.3,189366488
624b1fcafc13ae359b00039c,MVO,Avamba,946.33,345.73,377.12,467759752
624b1fcafc13ae359b00039d,BIOS,Gigabox,159.92,772.53,155.54,67839661
624b1fcafc13ae359b00039e,VMO,Oba,631.13,175.63,800.32,37885925
624b1fcafc13ae359b00039f,IDSY,Mita,88.64,273.58,975.99,348564591
624b1fcafc13ae359b0003a0,ELVT,Gabvine,343.58,233.62,145.57,616346289
624b1fcafc13ae359b0003a1,TWNKW,Tazz,293.95,803.72,88.63,323474316
624b1fcafc13ae359b0003a2,GPOR,Oba,873.84,967.37,884.39,56721024
624b1fcafc13ae359b0003a3,OXLCN,Oyoyo,823.32,395.68,560.34,301039309
624b1fcafc13ae359b0003a4,ZIONZ,Cogibox,642.15,137.63,511.14,322618259
624b1fcafc13ae359b0003a5,GDL^B,Gabtype,448.76,5.03,196.61,935651218
624b1fcafc13ae359b0003a6,DNOW,Gabspot,108.98,844.86,286.49,650193900
624b1fcafc13ae359b0003a7,EACQU,Mybuzz,681.82,978.92,701.14,140127406
624b1fcafc13ae359b0003a8,EMCB,Devcast,647.82,692.14,582.09,253647558
624b1fcafc13ae359b0003a9,GLW,Feedfire,655.37,725.14,931.85,761503230
624b1fcafc13ae359b0003aa,CBFV,Yambee,496.01,450.5,48.92,577736574
624b1fcafc13ae359b0003ab,OHRP,Gabtune,565.34,312.97,118.33,685843567
624b1fcafc13ae359b0003ac,ANTH,Kazio,416.73,697.57,775.13,733682786
624b1fcafc13ae359b0003ad,HP,Shuffletag,805.49,58.83,786.28,357799376
624b1fcafc13ae359b0003ae,BBU,Browsetype,663.86,803.17,565.88,889328111
624b1fcafc13ae359b0003af,EOCC,Fadeo,929.73,568.38,781.39,611730426
624b1fcafc13ae359b0003b0,ASX,Kwinu,140.92,164.49,471.07,36400419
624b1fcafc13ae359b0003b1,JW.A,Oyoloo,929.19,31.95,101.91,872959626
624b1fcafc13ae359b0003b2,WYNN,Jabbertype,976.05,4.41,339.54,359377439
624b1fcafc13ae359b0003b3,EVGN,Trudeo,882.87,649.92,206.05,351275709
624b1fcafc13ae359b0003b4,EGLT,Devpoint,420.79,201.46,751,926209479
624b1fcafc13ae359b0003b5,NAO,Skimia,444.33,915.63,749.17,391608664
624b1fcafc13ae359b0003b6,BBL,Lazz,669.48,356.02,973.59,801468451
624b1fcafc13ae359b0003b7,PNK,Npath,761.28,713.53,262.28,569532107
624b1fcafc13ae359b0003b8,STK,Skyble,908.22,346.81,452.97,756611237
624b1fcafc13ae359b0003b9,RVNC,Centizu,332.51,967.8,145.98,90126895
624b1fcafc13ae359b0003ba,RGNX,Myworks,311.48,969.62,238.83,504400594
624b1fcafc13ae359b0003bb,IHD,Miboo,209.7,608.3,435.6,553435301
624b1fcafc13ae359b0003bc,JNJ,Realbridge,488.15,386.54,252.34,276316447
624b1fcafc13ae359b0003bd,CZR,Edgeify,636.14,449.84,79.3,563740606
624b1fcafc13ae359b0003be,GAM^B,Rhyloo,60.11,75,395.81,308485949
624b1fcafc13ae359b0003bf,LSI,Mydeo,103.84,309.8,106.94,709740343
624b1fcafc13ae359b0003c0,OSBC,Feedfish,842.74,698.33,604.94,466462482
624b1fcafc13ae359b0003c1,ENZL,BlogXS,957.17,880.24,570.09,732611967
624b1fcafc13ae359b0003c2,PLXS,Babbleset,445.45,378.63,71.27,52592449
624b1fcafc13ae359b0003c3,RL,Browsezoom,339.25,311.86,415.5,705648727
624b1fcafc13ae359b0003c4,CHEK,Fanoodle,687.18,766.27,64.38,876473995
624b1fcafc13ae359b0003c5,PFD,Ailane,450.02,198.69,450.96,628185747
624b1fcafc13ae359b0003c6,PFE,Oyoba,74.5,544.73,528.83,836416627
624b1fcafc13ae359b0003c7,OBAS,Dynazzy,109.37,391.98,133.65,67221011
624b1fcafc13ae359b0003c8,SOHOM,DabZ,794.81,207.5,483.08,349521547
624b1fcafc13ae359b0003c9,SGF,Devcast,173.85,834.25,48.6,803209579
624b1fcafc13ae359b0003ca,RP,Wordtune,293.18,439.42,968.5,73904569
624b1fcafc13ae359b0003cb,TGI,Livetube,257.19,341.04,331.43,975957345
624b1fcafc13ae359b0003cc,KWN,Brightdog,883.44,698.32,723.56,753410045
624b1fcafc13ae359b0003cd,CIM^A,Zoozzy,58.47,999.61,477.91,762922385
624b1fcafc13ae359b0003ce,XCO,Skippad,656.6,171.66,141.68,998585553
624b1fcafc13ae359b0003cf,MC,Mita,682.41,96.93,228.04,955701849
624b1fcafc13ae359b0003d0,CWH,Jayo,862.27,768.9,911.28,150243388
624b1fcafc13ae359b0003d1,MIIIW,Quinu,864.85,658.54,774.5,875949078
624b1fcafc13ae359b0003d2,PDEX,Pixonyx,727.72,297.43,729.02,643133989
624b1fcafc13ae359b0003d3,BSET,Yotz,51.26,188.69,300.93,139222167
624b1fcafc13ae359b0003d4,ETG,Katz,955.28,916.53,98.88,552549867
624b1fcafc13ae359b0003d5,LAND,Rhyloo,769.52,648.09,185.12,756636973
624b1fcafc13ae359b0003d6,OFG^D,Skajo,578.17,130.07,392.82,585794638
624b1fcafc13ae359b0003d7,JKS,Fliptune,293.75,904.27,192.89,924332463
624b1fcafc13ae359b0003d8,MTGE,Divavu,109.54,705.32,864.81,69845263
624b1fcafc13ae359b0003d9,SYKE,Dabvine,677.62,789.84,598.17,978895738
624b1fcafc13ae359b0003da,GNTX,Twiyo,807.15,236.48,977.83,528243853
624b1fcafc13ae359b0003db,TBPH,Oloo,277.69,83.53,242.34,377050161
624b1fcafc13ae359b0003dc,PHIIK,Jazzy,479.92,229.17,391.98,194251240
624b1fcafc13ae359b0003dd,BWLD,Trunyx,578.43,718.72,873.87,63368032
624b1fcafc13ae359b0003de,CIG.C,Mudo,641.61,266.03,51.88,596905486
624b1fcafc13ae359b0003df,ABR^B,Tambee,312.42,850.81,384.38,827824195
624b1fcafc13ae359b0003e0,NAP,Yambee,963.52,136.81,888.44,310488565
624b1fcafc13ae359b0003e1,SPCB,Myworks,144.96,491.19,293.63,317059829
624b1fcafc13ae359b0003e2,IEUS,Twiyo,320.44,236.76,689.4,558708902
624b1fcafc13ae359b0003e3,NEV,Divanoodle,534.9,517.69,685.79,785929911
624b1fcafc13ae359b0003e4,RRC,Voonix,703.02,242.84,107.31,641764250
624b1fcafc13ae359b0003e5,EVHC^,Realpoint,382.67,796.22,30.33,538778980
624b1fcafc13ae359b0003e6,FIBK,Voonix,964,210.34,400.15,974976965
624b1fcafc13ae359b0003e7,DWCH,Twinder,828.56,153.47,523.89,331838213
624b1fcafc13ae359b0003e8,GNC,Mybuzz,853.1,572.14,600.25,349801538
624b1fcafc13ae359b0003e9,TECK,Tavu,371.64,503.45,671.53,112988086
624b1fcafc13ae359b0003ea,HMTA,Viva,482.95,427.83,142.25,890555387
624b1fcafc13ae359b0003eb,PWR,Voomm,575.38,657.96,189.25,42966377
624b1fcafc13ae359b0003ec,SEM,Zoonoodle,997.05,504.14,628.74,221280169
624b1fcafc13ae359b0003ed,NTB,Buzzshare,93.96,567.34,434.56,300522845
624b1fcafc13ae359b0003ee,KOS,Abatz,20.78,584.43,550.68,460438130
624b1fcafc13ae359b0003ef,LFVN,Kazio,801.26,768.78,957.26,786768204
624b1fcafc13ae359b0003f0,WAFD,Zoovu,556.91,170.21,863.37,794756062
624b1fcafc13ae359b0003f1,NTRP,Buzzster,670.99,92.94,461.1,112664221
624b1fcafc13ae359b0003f2,YECO,Yodel,930.11,63.89,445.64,735955077
624b1fcafc13ae359b0003f3,LBIX,Tagcat,856.47,727.72,683.08,97825199
624b1fcafc13ae359b0003f4,WTFCM,Fivechat,814.55,83.29,954.57,381227193
624b1fcafc13ae359b0003f5,TNDM,Photojam,630.46,394.86,525.34,216622434
624b1fcafc13ae359b0003f6,CHCO,Skivee,918.97,551.8,570.46,393768209
624b1fcafc13ae359b0003f7,WMLP,Oyope,462.72,61.25,736.46,526915935
624b1fcafc13ae359b0003f8,NOK,Yozio,299.86,259.57,257.9,877948027
624b1fcafc13ae359b0003f9,MTH,Voolith,384.85,535.65,366.09,756709412
624b1fcafc13ae359b0003fa,ZB^A,Edgeify,634.45,447.25,308.84,267231264
624b1fcafc13ae359b0003fb,HGT,Mudo,588.96,234.31,560.88,563337914
624b1fcafc13ae359b0003fc,CMCT,Brainsphere,195.36,330.23,157.5,698065534
624b1fcafc13ae359b0003fd,LEDS,Flipopia,382.68,508.42,487.72,930936346
624b1fcafc13ae359b0003fe,CCMP,Jetwire,481.45,849.98,597.9,949510815
624b1fcafc13ae359b0003ff,IDE,Brainlounge,217.57,344.17,707.23,802361074
624b1fcafc13ae359b000400,GPC,Youtags,442.41,845.97,581.31,945852380
624b1fcafc13ae359b000401,GPRO,Zoomcast,708.58,863.87,234.79,96349886
624b1fcafc13ae359b000402,OFS,Kwideo,651.9,56.99,289.83,512639656
624b1fcafc13ae359b000403,FNTE,Skipstorm,917.16,925.21,927.55,567663388
624b1fcafc13ae359b000404,BOFIL,Kwideo,240.75,490.02,937.46,105103305
624b1fcafc13ae359b000405,ZEUS,Zoomlounge,413.44,685.51,773.84,828167773
624b1fcafc13ae359b000406,ISRG,Topicstorm,565.69,977.32,400.27,878601859
624b1fcafc13ae359b000407,WMLP,Dabtype,566.75,782.88,143.65,898553845
624b1fcafc13ae359b000408,BBK,Dabshots,78.71,505.22,747.3,190953674
624b1fcafc13ae359b000409,LCAHW,Buzzbean,312.48,822.53,530.13,401773583
624b1fcafc13ae359b00040a,TICC,Blogspan,574.23,986.76,641.8,598233461
624b1fcafc13ae359b00040b,FMNB,Twinte,229.09,663.36,180.19,307404276
624b1fcafc13ae359b00040c,DRI,Demizz,341.32,621.81,574.85,654830610
624b1fcafc13ae359b00040d,MS^A,Twitterbridge,675.61,706,403.06,428502041
624b1fcafc13ae359b00040e,WGO,Tanoodle,494.57,2.98,444.88,388510573
624b1fcafc13ae359b00040f,PEI^C,Babbleset,763.97,867.05,314.27,240653050
624b1fcafc13ae359b000410,FEI           ,Tagchat,355.5,7.36,729.57,627910158
624b1fcafc13ae359b000411,TLND,Nlounge,837.69,605.5,132.95,812136972
624b1fcafc13ae359b000412,FLN,Npath,423.07,753.74,694.68,647622620
624b1fcafc13ae359b000413,BKEP,Geba,712.14,678.78,959.19,88349254
624b1fcafc13ae359b000414,DSM,Oyoyo,509.24,811.28,967.51,836324053
624b1fcafc13ae359b000415,VBF,Blogtags,895.81,454.46,807.47,695731677
624b1fcafc13ae359b000416,PBBI,Divape,636.48,660.78,608.6,232458299
624b1fcafc13ae359b000417,FCE.A,Shufflebeat,658.04,931.15,308.93,705323002
624b1fcafc13ae359b000418,EIGI,Rhycero,528.21,428.72,790.18,20832924
624b1fcafc13ae359b000419,HNI,Browsedrive,83.28,400.61,284.9,108376302
624b1fcafc13ae359b00041a,CHH,Realcube,991.11,656.22,995.78,506342279
624b1fcafc13ae359b00041b,PEG,Youspan,350.82,918.54,851.75,90568672
624b1fcafc13ae359b00041c,AEM,Rhynoodle,399.83,455.01,234.25,347078249
624b1fcafc13ae359b00041d,TRNC,Thoughtbridge,751.22,461.47,367.28,424042841
624b1fcafc13ae359b00041e,BBY,Dynazzy,312.89,671.19,506.66,329529570
624b1fcafc13ae359b00041f,ALL^C,Midel,528.62,793.99,912.36,85439585
624b1fcafc13ae359b000420,UBNT,Browsedrive,152.94,604.45,749.31,216757660
624b1fcafc13ae359b000421,NPK,Tazzy,167.57,745.02,384.59,650291410
624b1fcafc13ae359b000422,BEDU,Eimbee,594.92,522.73,403.79,585183431
624b1fcafc13ae359b000423,BOXC,Viva,924.37,39.78,554.93,253970794
624b1fcafc13ae359b000424,HDNG,Realfire,856.81,504.23,249.47,152864722
624b1fcafc13ae359b000425,LBRDK,Oyope,826.04,545.54,834.46,603200520
624b1fcafc13ae359b000426,LADR,Yata,57.16,574.02,349.17,569582648
624b1fcafc13ae359b000427,ESNT,Reallinks,840.79,327.89,237.63,809312070
624b1fcafc13ae359b000428,JPM^F,Chatterpoint,254.33,127.24,16.81,326004642
624b1fcafc13ae359b000429,RGC,Youfeed,229.31,478.48,994.85,224522707
624b1fcafc13ae359b00042a,DAR,Aibox,235.14,71.5,472.71,956045735
624b1fcafc13ae359b00042b,DF,Jaloo,114.36,100.73,240.4,418170733
624b1fcafc13ae359b00042c,RADA,Jaxbean,228.93,35.71,938.63,735501581
624b1fcafc13ae359b00042d,ELECU,Meevee,315.46,981.08,91.14,187830561
624b1fcafc13ae359b00042e,BWINB,Twitterworks,807.6,775.74,140.65,369366347
624b1fcafc13ae359b00042f,STAG,Realcube,805.56,858.2,133.57,388914023
624b1fcafc13ae359b000430,ALL^F,Bluejam,362.94,480.81,307.79,269509572
624b1fcafc13ae359b000431,EARS,Yodel,257.39,656.73,728.61,872600306
624b1fcafc13ae359b000432,XONE,Tazzy,153.82,222.26,269.11,151906822
624b1fcafc13ae359b000433,TELL,Twinder,100.39,566.15,499.1,752113938
624b1fcafc13ae359b000434,FCA,Meedoo,289.29,979.77,316.48,380718791
624b1fcafc13ae359b000435,JDD,Realcube,488.57,38.82,840.68,537869075
624b1fcafc13ae359b000436,SGMO,Demimbu,771.75,941.25,496.46,241353392
624b1fcafc13ae359b000437,GRA,Tagcat,567.88,550.48,808.46,383012114
624b1fcafc13ae359b000438,ALP^O,Linktype,81.58,903.61,161.59,829198672
624b1fcafc13ae359b000439,AVEO,Flipstorm,88.44,228.5,930.1,77837682
624b1fcafc13ae359b00043a,ODP,Eire,470.71,502.51,863.32,669162370
624b1fcafc13ae359b00043b,PGTI,Wikivu,187.22,369.67,572.4,451888225
624b1fcafc13ae359b00043c,IDRA,Teklist,131.08,549.54,125.26,153674869
624b1fcafc13ae359b00043d,WTW,Wordware,689.57,473.48,32.98,99270493
624b1fcafc13ae359b00043e,MFD,Devify,529.93,267.04,94.46,491303177
624b1fcafc13ae359b00043f,CABO,Dynabox,978.08,600.53,584.38,88686295
624b1fcafc13ae359b000440,KFFB,Quinu,268.13,574.55,71.01,284453781
624b1fcafc13ae359b000441,BGG,Photofeed,159.9,397.31,67.52,262455712
624b1fcafc13ae359b000442,KLXI,Gabcube,917.32,238.96,100.35,909798726
624b1fcafc13ae359b000443,NXPI,Flipbug,881.76,677.67,381.81,659781446
624b1fcafc13ae359b000444,FCN,Feednation,119.06,289.42,157.23,956342844
624b1fcafc13ae359b000445,DFS^B,Pixonyx,966.25,523.91,266.53,487408408
624b1fcafc13ae359b000446,PWE,Mydo,345.7,849.54,735.72,801885075
624b1fcafc13ae359b000447,MFO,Twitterbridge,991.93,486.29,776.15,482285662
624b1fcafc13ae359b000448,LNCE,Npath,148.51,521.27,794.02,549207270
624b1fcafc13ae359b000449,MOTAW,Mynte,332.44,137.42,971.84,649281423
624b1fcafc13ae359b00044a,PTNR,Trunyx,505.93,583.56,132.08,914425607
624b1fcafc13ae359b00044b,SUNW,Meemm,503.08,241.58,766.15,660009697
624b1fcafc13ae359b00044c,BASI,Riffwire,248.67,714.92,925.87,519907442
624b1fcafc13ae359b00044d,DEX,Agivu,919.38,469.2,205.69,568782634
624b1fcafc13ae359b00044e,IGOV,Vidoo,243.83,225.6,325.02,613341281
624b1fcafc13ae359b00044f,CNDT,Voolia,891.29,539.29,127.57,869426508
624b1fcafc13ae359b000450,STAR^I,Skipfire,711.6,991.11,105.53,513562079
624b1fcafc13ae359b000451,ETJ,Zoomlounge,846.36,97.75,589.8,311846718
624b1fcafc13ae359b000452,OTTR,Avamm,358.44,20.31,69.23,896790764
624b1fcafc13ae359b000453,BLPH,Skaboo,608.78,128.61,918.13,287791646
624b1fcafc13ae359b000454,DXTR,Youspan,560.74,650.44,658.01,915708601
624b1fcafc13ae359b000455,FOXF,Mycat,68.52,390.38,223.27,457366161
624b1fcafc13ae359b000456,MRK,Vipe,258.11,751.56,989.58,651222826
624b1fcafc13ae359b000457,FMK,Topicblab,911.97,412.13,772.47,214482014
624b1fcafc13ae359b000458,CSOD,Gabtune,898.54,892.4,226.82,603639665
624b1fcafc13ae359b000459,QTM,Twitterlist,486.27,562.33,108.33,139584877
624b1fcafc13ae359b00045a,MSTR,Aivee,160.86,152.4,330.99,726861346
624b1fcafc13ae359b00045b,SSB,Snaptags,145.6,133.25,510.62,19614123
624b1fcafc13ae359b00045c,ORG,InnoZ,801.94,28.27,597.72,569268562
624b1fcafc13ae359b00045d,UCBA,Riffwire,202.44,461.11,408.01,856201204
624b1fcafc13ae359b00045e,PNTA.CL,Twimbo,377.71,164.31,860.31,429093550
624b1fcafc13ae359b00045f,ACSF,Myworks,98.41,121.34,192.07,261249412
624b1fcafc13ae359b000460,WMS,Rhynoodle,584.91,421.81,340.77,805086622
624b1fcafc13ae359b000461,SZC,Skimia,871,425.61,910.96,958936192
624b1fcafc13ae359b000462,CART,Realmix,87.75,789.44,745.4,482112152
624b1fcafc13ae359b000463,BBGI,Rhybox,862.09,493.86,966.67,893977911
624b1fcafc13ae359b000464,IBKC,Lajo,411.5,288.57,761.69,498536631
624b1fcafc13ae359b000465,GOV,Devify,173.16,630.33,711.43,574318007
624b1fcafc13ae359b000466,MGU,Brainbox,294.27,401.1,427.17,485607221
624b1fcafc13ae359b000467,LMHA,Lazz,451.31,159.76,389.21,683680917
624b1fcafc13ae359b000468,LMRKO,Rhynoodle,704.21,511.37,892.54,342923769
624b1fcafc13ae359b000469,CTV,Buzzshare,825.4,641.37,627.22,580114563
624b1fcafc13ae359b00046a,OIBR.C,Vidoo,684.3,337.63,359.17,823421026
624b1fcafc13ae359b00046b,CLSN,Kazu,798.3,287.18,370.5,359369468
624b1fcafc13ae359b00046c,PRE^G,Feedspan,125.66,35.78,187.91,361779858
624b1fcafc13ae359b00046d,FLL,Jaxworks,746.07,296.38,671.47,65782450
624b1fcafc13ae359b00046e,TPB,Brainsphere,359.99,707.01,160.41,159979892
624b1fcafc13ae359b00046f,TTNP,Riffpedia,845.65,224.21,797.6,375555713
624b1fcafc13ae359b000470,VPV,Edgeify,229.68,66.65,935.7,78774875
624b1fcafc13ae359b000471,INOV,Youopia,50.58,178.45,924.6,164439435
624b1fcafc13ae359b000472,CELP,Devpoint,181.54,723.65,422.41,473756615
624b1fcafc13ae359b000473,INB,Skivee,745.29,883.65,283.86,675052695
624b1fcafc13ae359b000474,PHX,Jetpulse,726.96,960.07,830.51,811084985
624b1fcafc13ae359b000475,RYN,Feedfire,322.57,170.14,81.39,117838090
624b1fcafc13ae359b000476,AGO^B,Rhynyx,886.62,617.52,515.04,725173803
624b1fcafc13ae359b000477,LGCY,Kwimbee,616.37,455.27,434.87,718401506
624b1fcafc13ae359b000478,SMBC,Gigabox,392.66,158.78,471.44,707413236
624b1fcafc13ae359b000479,GDOT,Oba,846.23,265.99,413.86,767162488
624b1fcafc13ae359b00047a,PSA^Z,Vinder,687.45,795.76,164.14,291348675
624b1fcafc13ae359b00047b,CNXC,Yodoo,252.28,366.43,443.29,390291898
624b1fcafc13ae359b00047c,IZEA,Twitterbridge,426.12,412.07,719.54,691422457
624b1fcafc13ae359b00047d,SFR,Blogpad,759.07,776.86,750.31,83892741
624b1fcafc13ae359b00047e,ALOT,Browseblab,677.17,459.44,833.92,613736922
624b1fcafc13ae359b00047f,PTHN,Linkbridge,212.06,667.7,902.01,96281985
624b1fcafc13ae359b000480,RFAP,Roomm,642.91,669.66,125.75,260977076
624b1fcafc13ae359b000481,FRC,Shuffletag,312.45,491.97,397.5,85374372
624b1fcafc13ae359b000482,IMDZ,Roodel,787.83,602.91,271.83,252743493
624b1fcafc13ae359b000483,BDC,Wordify,284,528.14,881.34,882181907
624b1fcafc13ae359b000484,VNTV,Flipbug,166.37,955.42,974.85,107350794
624b1fcafc13ae359b000485,ENB,Tagchat,190.99,88.52,494.65,122305888
624b1fcafc13ae359b000486,ONSIZ,Flipopia,466.4,871.24,281.21,313526615
624b1fcafc13ae359b000487,CAR,Skimia,363.14,34.15,683.72,709805401
624b1fcafc13ae359b000488,BDSI,Thoughtbridge,63.25,201.71,153.93,709979018
624b1fcafc13ae359b000489,STX,Edgepulse,801.6,115.95,606.3,859800767
624b1fcafc13ae359b00048a,JPC,Fatz,902.8,398.4,619.19,508711113
624b1fcafc13ae359b00048b,D,Twinder,763.17,299.69,910.27,217985983
624b1fcafc13ae359b00048c,CSB,Ooba,36.06,844.15,717.22,553694246
624b1fcafc13ae359b00048d,IAE,Photolist,873.66,318.66,198.04,57089895
624b1fcafc13ae359b00048e,SF,Yambee,126.4,136.87,786.68,951969081
624b1fcafc13ae359b00048f,MSLI,Demizz,583.57,128.09,470.09,477848684
624b1fcafc13ae359b000490,SCQ,Tagchat,179.05,971.96,841.92,895544065
624b1fcafc13ae359b000491,PRA,Bubblebox,299.84,306.15,517.48,148617064
624b1fcafc13ae359b000492,AIMT,JumpXS,958.41,284.64,113.89,389860858
624b1fcafc13ae359b000493,SPAR,Divanoodle,368.18,307.83,586.9,160343860
624b1fcafc13ae359b000494,BPTH,Gabcube,371.49,488.12,780.58,276776237
624b1fcafc13ae359b000495,AFSS,Oozz,760.58,387.88,262.05,460413298
624b1fcafc13ae359b000496,GCVRZ,Dabtype,646.41,509.83,304.8,611613364
624b1fcafc13ae359b000497,RFT,Jatri,104.63,405.75,230.07,491903943
624b1fcafc13ae359b000498,KELYA,Layo,493.15,517.2,358.91,291003019
624b1fcafc13ae359b000499,OMAA,Bluezoom,676.24,808.27,639.12,872540875
624b1fcafc13ae359b00049a,SBRA,Jabbersphere,455.29,188.3,813.96,593895274
624b1fcafc13ae359b00049b,MCEP,Topicware,725.54,585.69,103.64,718394972
624b1fcafc13ae359b00049c,ESE,Katz,804.95,311.46,498.77,691310733
624b1fcafc13ae359b00049d,TSI,Camimbo,74.67,306.18,343.1,460500150
624b1fcafc13ae359b00049e,GM,Skinte,587.79,415.31,58.56,389517196
624b1fcafc13ae359b00049f,INSY,Oyoba,779.59,125.07,183.1,683322133
624b1fcafc13ae359b0004a0,KAR,Eimbee,81.2,50.19,732.32,90220728
624b1fcafc13ae359b0004a1,MMDMR,Livefish,136.41,794.1,958.59,285018120
624b1fcafc13ae359b0004a2,TPIV,Devcast,665.7,158.59,571.13,324956030
624b1fcafc13ae359b0004a3,PERY,Oozz,25.89,106.81,744.1,289501419
624b1fcafc13ae359b0004a4,KTWO,Yozio,182.45,910.11,312.84,257039653
624b1fcafc13ae359b0004a5,PXI,Realbridge,651.51,990.25,618.04,166054433
624b1fcafc13ae359b0004a6,HMNF,Yamia,324.38,465.11,59.14,342426921
624b1fcafc13ae359b0004a7,STBZ,Zoomlounge,327.47,367.83,274.04,413787543
624b1fcafc13ae359b0004a8,KNX,Cogibox,250.06,211.29,541.42,606349941
624b1fcafc13ae359b0004a9,PEI,Vinder,206.76,560.57,413.34,910652000
624b1fcafc13ae359b0004aa,AIY,Topiczoom,403.61,225.13,632.63,271539050
624b1fcafc13ae359b0004ab,HUBG,Trunyx,274.76,981.28,989.42,419483414
624b1fcafc13ae359b0004ac,QLC,Divanoodle,559.61,822.89,897.58,573299562
624b1fcafc13ae359b0004ad,ELS,Thoughtbeat,913.97,789.3,997.9,845402720
624b1fcbfc13ae359b0004ae,PSXP,Talane,899.62,54.49,268.6,756861175
624b1fcbfc13ae359b0004af,PTHN,Chatterbridge,746.01,554.48,220.87,904289861
624b1fcbfc13ae359b0004b0,USB^H,Topiczoom,140.88,471.6,957.61,15056539
624b1fcbfc13ae359b0004b1,BWA,BlogXS,296.16,308.19,540.02,281349297
624b1fcbfc13ae359b0004b2,DRUA,Meevee,266.6,327.44,163.52,125340247
624b1fcbfc13ae359b0004b3,LPT,Quaxo,312.68,996.51,63.27,309142034
624b1fcbfc13ae359b0004b4,UNM,Camido,136.35,275.19,376.08,909005913
624b1fcbfc13ae359b0004b5,CVLT,Realbridge,172.78,979.35,586.48,985942449
624b1fcbfc13ae359b0004b6,CVLY,Tazzy,609.69,734.25,820.58,735814759
624b1fcbfc13ae359b0004b7,NXTD,Kwilith,153.07,143.02,176.33,584060217
624b1fcbfc13ae359b0004b8,EAI,Abata,494.03,49.81,419.29,178394016
624b1fcbfc13ae359b0004b9,CIL,Omba,581.65,127.59,70.19,907257598
624b1fcbfc13ae359b0004ba,ALR^B,Eire,587,369.38,971.1,726021940
624b1fcbfc13ae359b0004bb,PHIIK,Brainverse,462.04,552.89,925.56,100528044
624b1fcbfc13ae359b0004bc,PKX,Flashpoint,874.28,21.46,570.14,434650687
624b1fcbfc13ae359b0004bd,TRV,Teklist,111.83,384.81,676.85,368991759
624b1fcbfc13ae359b0004be,BBVA,Oodoo,987.99,152.28,559.93,387491552
624b1fcbfc13ae359b0004bf,MDLZ,Fivechat,752.21,633.65,493.67,166485952
624b1fcbfc13ae359b0004c0,DO,Twitterbeat,328.82,394.41,164.6,831599568
624b1fcbfc13ae359b0004c1,PID,Browsecat,543.52,901.07,531.72,605302811
624b1fcbfc13ae359b0004c2,RNWK,Yakitri,702.88,257.36,689.29,897831903
624b1fcbfc13ae359b0004c3,VC,Quinu,847.74,697.48,324.77,280512277
624b1fcbfc13ae359b0004c4,SM,Jabbertype,179.52,251.5,407.38,221135689
624b1fcbfc13ae359b0004c5,BERY,Browsezoom,32.35,419.76,82.56,963892483
624b1fcbfc13ae359b0004c6,MAYS,Wikivu,206.19,459.6,512.94,167158479
624b1fcbfc13ae359b0004c7,NUROW,Innotype,960.55,402.58,37.21,939893580
624b1fcbfc13ae359b0004c8,FMSA,Photobug,594.11,379.16,811.41,684403089
624b1fcbfc13ae359b0004c9,ASFI,Oodoo,569.51,935.24,283.09,982123587
624b1fcbfc13ae359b0004ca,GSIT,Topicstorm,510.26,572.43,869.61,48758364
624b1fcbfc13ae359b0004cb,MITT^A,Yadel,458.31,873.33,847.1,743181521
624b1fcbfc13ae359b0004cc,CXDC,Twitterlist,507.05,590,324.24,759044093
624b1fcbfc13ae359b0004cd,CMP,Dabtype,41.75,349.49,23.56,971875668
624b1fcbfc13ae359b0004ce,FMX,Twitterbridge,816.68,979.34,631.78,740457806
624b1fcbfc13ae359b0004cf,DOC,Skippad,358.26,919.24,853.28,875621592
624b1fcbfc13ae359b0004d0,MMT,Cogibox,63.02,551.47,568.34,871321766
624b1fcbfc13ae359b0004d1,MMDMU,Skimia,509.09,283.69,761.26,555403197
624b1fcbfc13ae359b0004d2,PEGA,Devshare,987.66,584.6,350.7,51690653
624b1fcbfc13ae359b0004d3,LND,Jayo,679.1,690.83,638.05,811262775
624b1fcbfc13ae359b0004d4,BST,Lazzy,330.37,309.22,28.43,765077927
624b1fcbfc13ae359b0004d5,PTY,Rhyloo,869.47,252.8,502.13,581836450
624b1fcbfc13ae359b0004d6,SBLKL,Vimbo,964.16,343.28,774.52,50590541
624b1fcbfc13ae359b0004d7,DSWL,Ntags,975.25,696.17,577.33,364637086
624b1fcbfc13ae359b0004d8,FEI           ,Lazz,744.25,96.18,290.34,355121494
624b1fcbfc13ae359b0004d9,BXC,Eabox,873.51,416.56,312.02,331384016
624b1fcbfc13ae359b0004da,PKG,Bubblemix,718.88,848.4,988.34,119669636
624b1fcbfc13ae359b0004db,TANH,Avavee,637.18,445.58,189.83,431069106
624b1fcbfc13ae359b0004dc,NUO,Camimbo,30.45,543.34,971.62,610976249
624b1fcbfc13ae359b0004dd,UBOH,Agivu,525.27,58.22,501.63,821800996
624b1fcbfc13ae359b0004de,ROIC,Devbug,990.6,754.49,405.14,606441297
624b1fcbfc13ae359b0004df,FFIN,Avavee,109.01,504.51,397.02,607037174
624b1fcbfc13ae359b0004e0,ABC,Gigabox,128.98,642.81,196.61,559954604
624b1fcbfc13ae359b0004e1,LPNT,Devbug,565.93,492.73,56.24,300360493
624b1fcbfc13ae359b0004e2,GCBC,Buzzbean,509.9,896.83,724.3,823879535
624b1fcbfc13ae359b0004e3,CIM,Youbridge,988.44,111.21,700.67,114968031
624b1fcbfc13ae359b0004e4,GLW,Riffwire,149.37,651.27,889.77,927704121
624b1fcbfc13ae359b0004e5,EDF,Fivespan,615.03,533.42,517.09,636593347
624b1fcbfc13ae359b0004e6,BFR,Tagtune,858.6,777.68,419.1,807757355
624b1fcbfc13ae359b0004e7,GER,Mydeo,680.14,275.99,905.93,447084845
624b1fcbfc13ae359b0004e8,WTS,Eimbee,171.7,845.97,224.28,882557002
624b1fcbfc13ae359b0004e9,SPLS,Edgeify,355.41,431.98,419.54,286647190
624b1fcbfc13ae359b0004ea,GRA,Podcat,385.79,716.9,498.85,466370190
624b1fcbfc13ae359b0004eb,ICON,Rhynoodle,277.96,996.01,728.98,814019526
624b1fcbfc13ae359b0004ec,RFEM,Kwideo,441.95,369.88,431.84,892244811
624b1fcbfc13ae359b0004ed,BBOX,Feedbug,432.62,660.01,469.18,91882123
624b1fcbfc13ae359b0004ee,ELTK,Zoomcast,594.88,750.55,44.93,249575827
624b1fcbfc13ae359b0004ef,ERII,Cogidoo,949.15,141.44,862.79,403369121
624b1fcbfc13ae359b0004f0,AGI,Gabtune,586.59,779.78,352.38,526918380
624b1fcbfc13ae359b0004f1,IID,Yozio,673.04,20.15,289.33,104346615
624b1fcbfc13ae359b0004f2,HST,Eayo,192.49,860.08,123.11,869788644
624b1fcbfc13ae359b0004f3,FYC,Feednation,883.8,646.18,628.96,377922403
624b1fcbfc13ae359b0004f4,NSM,Divavu,402.29,226.15,610.68,211273993
624b1fcbfc13ae359b0004f5,TTEC,Myworks,891.17,977.18,566.39,160065742
624b1fcbfc13ae359b0004f6,AREX,Talane,657.29,727.93,694.02,96793904
624b1fcbfc13ae359b0004f7,BCE,Flipbug,795,425.42,628.5,957125128
624b1fcbfc13ae359b0004f8,TCO^J,Vitz,804.28,231.99,866.89,941537727
624b1fcbfc13ae359b0004f9,RP,Topicstorm,882.8,895.81,17.75,134580905
624b1fcbfc13ae359b0004fa,MMC,Kwilith,237.8,378.26,594.64,25471353
624b1fcbfc13ae359b0004fb,SLD,Feedmix,638.84,535.94,430.63,595076100
624b1fcbfc13ae359b0004fc,MPA,Thoughtsphere,394.08,122.54,135.33,791293132
624b1fcbfc13ae359b0004fd,ROKA,Oyope,592.65,602.18,508.09,155397499
624b1fcbfc13ae359b0004fe,PLW,Gigazoom,12.6,349.85,387.4,979668916
624b1fcbfc13ae359b0004ff,HSEA,Bubblemix,591.62,978.74,731.62,655054412
624b1fcbfc13ae359b000500,OPGN,Twitternation,583.62,75.68,750.98,419358750
624b1fcbfc13ae359b000501,DTEA,Skipstorm,305.91,990.89,461.65,551028389
624b1fcbfc13ae359b000502,BBN,Bubbletube,207.84,612.74,535.5,958754618
624b1fcbfc13ae359b000503,SNOA,Linktype,516.14,774.69,808.2,738383303
624b1fcbfc13ae359b000504,HGSH,Reallinks,436.04,584.76,263.86,622438
624b1fcbfc13ae359b000505,UBCP,Talane,953.47,565.86,468.53,755937027
624b1fcbfc13ae359b000506,VSAR,Zooxo,295.73,739.53,695.04,506946769
624b1fcbfc13ae359b000507,FTV,Zoombox,508.7,176.44,623.11,698277384
624b1fcbfc13ae359b000508,BRX,Thoughtmix,619.8,866.04,627.86,793057971
624b1fcbfc13ae359b000509,CIR,Oyondu,108.21,360.42,311.41,560822592
624b1fcbfc13ae359b00050a,VVV,Jaxspan,296.61,730.25,367.41,792086588
624b1fcbfc13ae359b00050b,FKLYU,Voonte,811.08,80.83,653.04,100329591
624b1fcbfc13ae359b00050c,MCO,Eidel,763.23,20.06,395.21,623383365
624b1fcbfc13ae359b00050d,MORE          ,Edgetag,70.02,437,621.22,913297806
624b1fcbfc13ae359b00050e,LILAK,Skinder,681.98,937.46,131.76,805596166
624b1fcbfc13ae359b00050f,ATI,Oodoo,236.9,753.98,686.62,101601017
624b1fcbfc13ae359b000510,CLBS,Zazio,169.35,641.96,2.69,697850937
624b1fcbfc13ae359b000511,SNDR,Tanoodle,635.46,630.5,111.79,15320881
624b1fcbfc13ae359b000512,GDL,Buzzster,303.88,634.02,937.46,139768094
624b1fcbfc13ae359b000513,PNW,Yodoo,488.88,611.83,537.41,166018830
